province,c0,c1,c2,c3,c4,c5,c6,c7,c8,c9,c10,c11,c12,c13,c14,c15,c16,c17,c18,c19
ADANA,2025,ADANA,"34,5","33,6","35,4",,,,,,,,,,,,,,,
ADANA,2024,ADANA,"34,0","33,2","34,9",,,,,,,,,,,,,,,
ADANA,2023,ADANA,"33,5","32,7","34,4",,,,,,,,,,,,,,,
ADANA,2022,ADANA,"33,0","32,2","33,9",,,,,,,,,,,,,,,
ADANA,2021,ADANA,"32,6","31,9","33,4",,,,,,,,,,,,,,,
ADANA,2020,ADANA,"32,1","31,4","32,8",,,,,,,,,,,,,,,
ADANA,2019,ADANA,"31,9","31,2","32,6",,,,,,,,,,,,,,,
ADANA,2018,ADANA,"31,5","30,9","32,1",,,,,,,,,,,,,,,
ADANA,2017,ADANA,"31,1","30,4","31,7",,,,,,,,,,,,,,,
ADANA,2016,ADANA,"30,7","30,1","31,3",,,,,,,,,,,,,,,
ADANA,2015,ADANA,"30,3","29,8","30,9",,,,,,,,,,,,,,,
ADANA,2014,ADANA,"30,0","29,4","30,5",,,,,,,,,,,,,,,
ADANA,2013,ADANA,"29,6","29,1","30,2",,,,,,,,,,,,,,,
ADANA,2012,ADANA,"29,3","28,8","29,7",,,,,,,,,,,,,,,
ADANA,2011,ADANA,"28,8","28,3","29,3",,,,,,,,,,,,,,,
ADANA,2010,ADANA,"28,3","27,9","28,7",,,,,,,,,,,,,,,
ADANA,2009,ADANA,"27,8","27,4","28,3",,,,,,,,,,,,,,,
ADANA,2008,ADANA,"27,5","27,1","27,9",,,,,,,,,,,,,,,
ADANA,2007,ADANA,"27,4","27,0","27,8",,,,,,,,,,,,,,,
ADANA,2000,ADANA,"23,5","23,0","23,9",,,,,,,,,,,,,,,
ADANA,1990,ADANA,"19,9","19,5","20,4",,,,,,,,,,,,,,,
ADANA,1985,ADANA,"18,9","18,6","19,2",,,,,,,,,,,,,,,
ADIYAMAN,2025,ADIYAMAN,"30,4","30,1","30,7",,,,,,,,,,,,,,,
ADIYAMAN,2024,ADIYAMAN,"29,9","29,5","30,3",,,,,,,,,,,,,,,
ADIYAMAN,2023,ADIYAMAN,"29,4","29,0","29,8",,,,,,,,,,,,,,,
ADIYAMAN,2022,ADIYAMAN,"28,7","28,3","29,2",,,,,,,,,,,,,,,
ADIYAMAN,2021,ADIYAMAN,"28,2","27,8","28,7",,,,,,,,,,,,,,,
ADIYAMAN,2020,ADIYAMAN,"27,7","27,3","28,1",,,,,,,,,,,,,,,
ADIYAMAN,2019,ADIYAMAN,"27,4","27,0","27,8",,,,,,,,,,,,,,,
ADIYAMAN,2018,ADIYAMAN,"27,0","26,6","27,4",,,,,,,,,,,,,,,
ADIYAMAN,2017,ADIYAMAN,"26,6","26,2","27,0",,,,,,,,,,,,,,,
ADIYAMAN,2016,ADIYAMAN,"26,2","25,8","26,6",,,,,,,,,,,,,,,
ADIYAMAN,2015,ADIYAMAN,"25,8","25,4","26,3",,,,,,,,,,,,,,,
ADIYAMAN,2014,ADIYAMAN,"25,5","25,1","25,9",,,,,,,,,,,,,,,
ADIYAMAN,2013,ADIYAMAN,"25,1","24,7","25,6",,,,,,,,,,,,,,,
ADIYAMAN,2012,ADIYAMAN,"24,7","24,3","25,1",,,,,,,,,,,,,,,
ADIYAMAN,2011,ADIYAMAN,"24,3","23,9","24,7",,,,,,,,,,,,,,,
ADIYAMAN,2010,ADIYAMAN,"23,9","23,5","24,3",,,,,,,,,,,,,,,
ADIYAMAN,2009,ADIYAMAN,"23,4","23,0","23,9",,,,,,,,,,,,,,,
ADIYAMAN,2008,ADIYAMAN,"23,2","22,6","23,7",,,,,,,,,,,,,,,
ADIYAMAN,2007,ADIYAMAN,"22,9","22,3","23,5",,,,,,,,,,,,,,,
ADIYAMAN,2000,ADIYAMAN,"19,2","18,5","19,8",,,,,,,,,,,,,,,
ADIYAMAN,1990,ADIYAMAN,"16,4","15,6","17,1",,,,,,,,,,,,,,,
ADIYAMAN,1985,ADIYAMAN,"15,4","14,7","16,2",,,,,,,,,,,,,,,
AFYONKARAHİSAR,2025,AFYONKARAHİSAR,"36,4","35,6","37,3",,,,,,,,,,,,,,,
AFYONKARAHİSAR,2024,AFYONKARAHİSAR,"36,0","35,2","36,8",,,,,,,,,,,,,,,
AFYONKARAHİSAR,2023,AFYONKARAHİSAR,"35,5","34,7","36,3",,,,,,,,,,,,,,,
AFYONKARAHİSAR,2022,AFYONKARAHİSAR,"34,9","34,1","35,7",,,,,,,,,,,,,,,
AFYONKARAHİSAR,2021,AFYONKARAHİSAR,"34,4","33,7","35,2",,,,,,,,,,,,,,,
AFYONKARAHİSAR,2020,AFYONKARAHİSAR,"34,1","33,3","34,9",,,,,,,,,,,,,,,
AFYONKARAHİSAR,2019,AFYONKARAHİSAR,"33,7","33,1","34,5",,,,,,,,,,,,,,,
AFYONKARAHİSAR,2018,AFYONKARAHİSAR,"33,5","32,8","34,1",,,,,,,,,,,,,,,
AFYONKARAHİSAR,2017,AFYONKARAHİSAR,"33,0","32,4","33,7",,,,,,,,,,,,,,,
AFYONKARAHİSAR,2016,AFYONKARAHİSAR,"32,6","31,9","33,3",,,,,,,,,,,,,,,
AFYONKARAHİSAR,2015,AFYONKARAHİSAR,"32,3","31,6","33,0",,,,,,,,,,,,,,,
AFYONKARAHİSAR,2014,AFYONKARAHİSAR,"31,9","31,3","32,6",,,,,,,,,,,,,,,
AFYONKARAHİSAR,2013,AFYONKARAHİSAR,"31,5","30,8","32,2",,,,,,,,,,,,,,,
AFYONKARAHİSAR,2012,AFYONKARAHİSAR,"31,2","30,5","31,8",,,,,,,,,,,,,,,
AFYONKARAHİSAR,2011,AFYONKARAHİSAR,"30,9","30,2","31,7",,,,,,,,,,,,,,,
AFYONKARAHİSAR,2010,AFYONKARAHİSAR,"30,5","29,9","31,0",,,,,,,,,,,,,,,
AFYONKARAHİSAR,2009,AFYONKARAHİSAR,"29,7","29,1","30,5",,,,,,,,,,,,,,,
AFYONKARAHİSAR,2008,AFYONKARAHİSAR,"29,5","28,8","30,2",,,,,,,,,,,,,,,
AFYONKARAHİSAR,2007,AFYONKARAHİSAR,"29,0","28,2","29,8",,,,,,,,,,,,,,,
AFYONKARAHİSAR,2000,AFYONKARAHİSAR,"25,1","24,8","25,6",,,,,,,,,,,,,,,
AFYONKARAHİSAR,1990,AFYONKARAHİSAR,"22,3","21,9","22,6",,,,,,,,,,,,,,,
AFYONKARAHİSAR,1985,AFYONKARAHİSAR,"20,9","20,4","21,4",,,,,,,,,,,,,,,
AĞRI,2025,AĞRI,"25,1","25,2","25,0",,,,,,,,,,,,,,,
AĞRI,2024,AĞRI,"24,5","24,6","24,4",,,,,,,,,,,,,,,
AĞRI,2023,AĞRI,"24,0","24,2","23,8",,,,,,,,,,,,,,,
AĞRI,2022,AĞRI,"23,3","23,5","23,2",,,,,,,,,,,,,,,
AĞRI,2021,AĞRI,"22,8","23,0","22,6",,,,,,,,,,,,,,,
AĞRI,2020,AĞRI,"22,3","22,4","22,0",,,,,,,,,,,,,,,
AĞRI,2019,AĞRI,"21,8","22,0","21,6",,,,,,,,,,,,,,,
AĞRI,2018,AĞRI,"21,4","21,6","21,1",,,,,,,,,,,,,,,
AĞRI,2017,AĞRI,"20,9","21,1","20,7",,,,,,,,,,,,,,,
AĞRI,2016,AĞRI,"20,5","20,7","20,3",,,,,,,,,,,,,,,
AĞRI,2015,AĞRI,"20,3","20,5","20,1",,,,,,,,,,,,,,,
AĞRI,2014,AĞRI,"20,0","20,3","19,8",,,,,,,,,,,,,,,
AĞRI,2013,AĞRI,"19,7","19,9","19,5",,,,,,,,,,,,,,,
AĞRI,2012,AĞRI,"19,5","19,7","19,3",,,,,,,,,,,,,,,
AĞRI,2011,AĞRI,"19,5","19,8","19,2",,,,,,,,,,,,,,,
AĞRI,2010,AĞRI,"19,0","19,0","18,9",,,,,,,,,,,,,,,
AĞRI,2009,AĞRI,"18,9","19,1","18,7",,,,,,,,,,,,,,,
AĞRI,2008,AĞRI,"18,8","19,0","18,7",,,,,,,,,,,,,,,
AĞRI,2007,AĞRI,"18,8","18,9","18,8",,,,,,,,,,,,,,,
AĞRI,2000,AĞRI,"16,6","16,3","16,9",,,,,,,,,,,,,,,
AĞRI,1990,AĞRI,"14,6","14,1","15,2",,,,,,,,,,,,,,,
AĞRI,1985,AĞRI,"14,4","14,1","14,7",,,,,,,,,,,,,,,
AKSARAY,2025,AKSARAY,"33,6","33,1","34,1",,,,,,,,,,,,,,,
AKSARAY,2024,AKSARAY,"33,1","32,5","33,6",,,,,,,,,,,,,,,
AKSARAY,2023,AKSARAY,"32,5","32,0","33,1",,,,,,,,,,,,,,,
AKSARAY,2022,AKSARAY,"31,8","31,3","32,5",,,,,,,,,,,,,,,
AKSARAY,2021,AKSARAY,"31,4","30,9","32,0",,,,,,,,,,,,,,,
AKSARAY,2020,AKSARAY,"31,1","30,6","31,7",,,,,,,,,,,,,,,
AKSARAY,2019,AKSARAY,"30,7","30,0","31,4",,,,,,,,,,,,,,,
AKSARAY,2018,AKSARAY,"30,4","29,8","31,0",,,,,,,,,,,,,,,
AKSARAY,2017,AKSARAY,"30,0","29,3","30,7",,,,,,,,,,,,,,,
AKSARAY,2016,AKSARAY,"29,7","29,0","30,4",,,,,,,,,,,,,,,
AKSARAY,2015,AKSARAY,"29,6","28,8","30,4",,,,,,,,,,,,,,,
AKSARAY,2014,AKSARAY,"29,2","28,4","29,9",,,,,,,,,,,,,,,
AKSARAY,2013,AKSARAY,"28,7","28,0","29,5",,,,,,,,,,,,,,,
AKSARAY,2012,AKSARAY,"28,3","27,6","29,2",,,,,,,,,,,,,,,
AKSARAY,2011,AKSARAY,"28,0","27,4","28,8",,,,,,,,,,,,,,,
AKSARAY,2010,AKSARAY,"27,7","27,1","28,3",,,,,,,,,,,,,,,
AKSARAY,2009,AKSARAY,"27,1","26,3","27,9",,,,,,,,,,,,,,,
AKSARAY,2008,AKSARAY,"26,7","26,0","27,5",,,,,,,,,,,,,,,
AKSARAY,2007,AKSARAY,"26,6","25,9","27,3",,,,,,,,,,,,,,,
AKSARAY,2000,AKSARAY,"22,3","21,8","22,8",,,,,,,,,,,,,,,
AKSARAY,1990,AKSARAY,"18,2","17,4","19,0",,,,,,,,,,,,,,,
AMASYA,2025,AMASYA,"40,5","38,9","42,2",,,,,,,,,,,,,,,
AMASYA,2024,AMASYA,"40,0","38,4","41,5",,,,,,,,,,,,,,,
AMASYA,2023,AMASYA,"39,8","38,6","41,0",,,,,,,,,,,,,,,
AMASYA,2022,AMASYA,"39,0","37,5","40,4",,,,,,,,,,,,,,,
AMASYA,2021,AMASYA,"38,7","37,3","40,1",,,,,,,,,,,,,,,
AMASYA,2020,AMASYA,"38,1","36,7","39,6",,,,,,,,,,,,,,,
AMASYA,2019,AMASYA,"37,3","35,7","39,0",,,,,,,,,,,,,,,
AMASYA,2018,AMASYA,"36,9","35,3","38,5",,,,,,,,,,,,,,,
AMASYA,2017,AMASYA,"36,7","35,4","38,0",,,,,,,,,,,,,,,
AMASYA,2016,AMASYA,"36,6","35,5","37,6",,,,,,,,,,,,,,,
AMASYA,2015,AMASYA,"36,3","35,2","37,4",,,,,,,,,,,,,,,
AMASYA,2014,AMASYA,"35,9","34,7","37,0",,,,,,,,,,,,,,,
AMASYA,2013,AMASYA,"35,3","34,2","36,4",,,,,,,,,,,,,,,
AMASYA,2012,AMASYA,"34,9","33,9","35,8",,,,,,,,,,,,,,,
AMASYA,2011,AMASYA,"34,2","33,3","35,2",,,,,,,,,,,,,,,
AMASYA,2010,AMASYA,"32,5","30,4","34,6",,,,,,,,,,,,,,,
AMASYA,2009,AMASYA,"33,0","31,9","34,1",,,,,,,,,,,,,,,
AMASYA,2008,AMASYA,"32,5","31,3","33,7",,,,,,,,,,,,,,,
AMASYA,2007,AMASYA,"31,5","29,8","33,1",,,,,,,,,,,,,,,
AMASYA,2000,AMASYA,"26,9","25,7","28,0",,,,,,,,,,,,,,,
AMASYA,1990,AMASYA,"23,5","23,0","24,0",,,,,,,,,,,,,,,
AMASYA,1985,AMASYA,"21,8","21,5","22,1",,,,,,,,,,,,,,,
ANKARA,2025,ANKARA,"36,4","35,5","37,3",,,,,,,,,,,,,,,
ANKARA,2024,ANKARA,"35,9","35,0","36,8",,,,,,,,,,,,,,,
ANKARA,2023,ANKARA,"35,4","34,5","36,3",,,,,,,,,,,,,,,
ANKARA,2022,ANKARA,"35,0","34,2","35,9",,,,,,,,,,,,,,,
ANKARA,2021,ANKARA,"34,7","33,8","35,5",,,,,,,,,,,,,,,
ANKARA,2020,ANKARA,"34,4","33,5","35,2",,,,,,,,,,,,,,,
ANKARA,2019,ANKARA,"33,9","33,1","34,7",,,,,,,,,,,,,,,
ANKARA,2018,ANKARA,"33,5","32,7","34,3",,,,,,,,,,,,,,,
ANKARA,2017,ANKARA,"33,4","32,7","34,2",,,,,,,,,,,,,,,
ANKARA,2016,ANKARA,"33,1","32,4","33,8",,,,,,,,,,,,,,,
ANKARA,2015,ANKARA,"32,7","32,0","33,4",,,,,,,,,,,,,,,
ANKARA,2014,ANKARA,"32,3","31,6","33,0",,,,,,,,,,,,,,,
ANKARA,2013,ANKARA,"32,2","31,5","32,8",,,,,,,,,,,,,,,
ANKARA,2012,ANKARA,"31,8","31,2","32,5",,,,,,,,,,,,,,,
ANKARA,2011,ANKARA,"31,5","30,8","32,2",,,,,,,,,,,,,,,
ANKARA,2010,ANKARA,"31,2","30,5","31,9",,,,,,,,,,,,,,,
ANKARA,2009,ANKARA,"30,8","30,1","31,4",,,,,,,,,,,,,,,
ANKARA,2008,ANKARA,"30,4","29,8","31,1",,,,,,,,,,,,,,,
ANKARA,2007,ANKARA,"30,2","29,5","30,9",,,,,,,,,,,,,,,
ANKARA,2000,ANKARA,"26,8","26,1","27,5",,,,,,,,,,,,,,,
ANKARA,1990,ANKARA,"23,9","23,5","24,4",,,,,,,,,,,,,,,
ANKARA,1985,ANKARA,"22,2","22,0","22,5",,,,,,,,,,,,,,,
ANTALYA,2025,ANTALYA,"36,8","36,1","37,4",,,,,,,,,,,,,,,
ANTALYA,2024,ANTALYA,"36,4","35,9","37,0",,,,,,,,,,,,,,,
ANTALYA,2023,ANTALYA,"36,1","35,5","36,6",,,,,,,,,,,,,,,
ANTALYA,2022,ANTALYA,"35,6","35,1","36,1",,,,,,,,,,,,,,,
ANTALYA,2021,ANTALYA,"35,4","34,9","35,8",,,,,,,,,,,,,,,
ANTALYA,2020,ANTALYA,"35,0","34,6","35,4",,,,,,,,,,,,,,,
ANTALYA,2019,ANTALYA,"34,6","34,1","35,0",,,,,,,,,,,,,,,
ANTALYA,2018,ANTALYA,"34,3","33,9","34,6",,,,,,,,,,,,,,,
ANTALYA,2017,ANTALYA,"33,9","33,5","34,2",,,,,,,,,,,,,,,
ANTALYA,2016,ANTALYA,"33,4","33,2","33,7",,,,,,,,,,,,,,,
ANTALYA,2015,ANTALYA,"33,0","32,7","33,2",,,,,,,,,,,,,,,
ANTALYA,2014,ANTALYA,"32,7","32,5","32,9",,,,,,,,,,,,,,,
ANTALYA,2013,ANTALYA,"32,4","32,2","32,6",,,,,,,,,,,,,,,
ANTALYA,2012,ANTALYA,"32,1","31,9","32,2",,,,,,,,,,,,,,,
ANTALYA,2011,ANTALYA,"31,7","31,6","31,8",,,,,,,,,,,,,,,
ANTALYA,2010,ANTALYA,"31,3","31,2","31,4",,,,,,,,,,,,,,,
ANTALYA,2009,ANTALYA,"30,8","30,7","30,9",,,,,,,,,,,,,,,
ANTALYA,2008,ANTALYA,"30,5","30,4","30,6",,,,,,,,,,,,,,,
ANTALYA,2007,ANTALYA,"30,2","30,1","30,4",,,,,,,,,,,,,,,
ANTALYA,2000,ANTALYA,"28,1","28,1","28,0",,,,,,,,,,,,,,,
ANTALYA,1990,ANTALYA,"24,5","24,7","24,4",,,,,,,,,,,,,,,
ANTALYA,1985,ANTALYA,"22,1","22,1","22,1",,,,,,,,,,,,,,,
ARDAHAN,2025,ARDAHAN,"36,5","36,4","36,7",,,,,,,,,,,,,,,
ARDAHAN,2024,ARDAHAN,"35,9","35,7","36,2",,,,,,,,,,,,,,,
ARDAHAN,2023,ARDAHAN,"35,4","35,1","35,8",,,,,,,,,,,,,,,
ARDAHAN,2022,ARDAHAN,"35,1","34,8","35,5",,,,,,,,,,,,,,,
ARDAHAN,2021,ARDAHAN,"34,2","33,9","34,6",,,,,,,,,,,,,,,
ARDAHAN,2020,ARDAHAN,"33,6","33,2","34,0",,,,,,,,,,,,,,,
ARDAHAN,2019,ARDAHAN,"33,1","32,7","33,6",,,,,,,,,,,,,,,
ARDAHAN,2018,ARDAHAN,"32,6","32,1","33,2",,,,,,,,,,,,,,,
ARDAHAN,2017,ARDAHAN,"32,0","31,5","32,5",,,,,,,,,,,,,,,
ARDAHAN,2016,ARDAHAN,"31,4","30,9","32,0",,,,,,,,,,,,,,,
ARDAHAN,2015,ARDAHAN,"30,9","30,3","31,7",,,,,,,,,,,,,,,
ARDAHAN,2014,ARDAHAN,"30,7","30,0","31,5",,,,,,,,,,,,,,,
ARDAHAN,2013,ARDAHAN,"30,0","29,4","30,7",,,,,,,,,,,,,,,
ARDAHAN,2012,ARDAHAN,"28,8","27,8","30,0",,,,,,,,,,,,,,,
ARDAHAN,2011,ARDAHAN,"28,2","27,2","29,5",,,,,,,,,,,,,,,
ARDAHAN,2010,ARDAHAN,"28,4","28,0","28,9",,,,,,,,,,,,,,,
ARDAHAN,2009,ARDAHAN,"27,6","26,9","28,5",,,,,,,,,,,,,,,
ARDAHAN,2008,ARDAHAN,"26,9","25,8","28,2",,,,,,,,,,,,,,,
ARDAHAN,2007,ARDAHAN,"26,8","25,9","27,8",,,,,,,,,,,,,,,
ARDAHAN,2000,ARDAHAN,"23,4","23,2","23,7",,,,,,,,,,,,,,,
ARTVİN,2025,ARTVİN,"42,5","41,9","43,2",,,,,,,,,,,,,,,
ARTVİN,2024,ARTVİN,"41,9","41,4","42,5",,,,,,,,,,,,,,,
ARTVİN,2023,ARTVİN,"41,4","40,8","42,1",,,,,,,,,,,,,,,
ARTVİN,2022,ARTVİN,"40,9","40,1","41,7",,,,,,,,,,,,,,,
ARTVİN,2021,ARTVİN,"40,6","39,4","41,9",,,,,,,,,,,,,,,
ARTVİN,2020,ARTVİN,"40,1","39,1","41,3",,,,,,,,,,,,,,,
ARTVİN,2019,ARTVİN,"39,5","38,6","40,6",,,,,,,,,,,,,,,
ARTVİN,2018,ARTVİN,"39,3","38,3","40,4",,,,,,,,,,,,,,,
ARTVİN,2017,ARTVİN,"38,5","37,6","39,6",,,,,,,,,,,,,,,
ARTVİN,2016,ARTVİN,"38,2","37,2","39,3",,,,,,,,,,,,,,,
ARTVİN,2015,ARTVİN,"37,8","36,8","39,0",,,,,,,,,,,,,,,
ARTVİN,2014,ARTVİN,"37,4","36,3","38,6",,,,,,,,,,,,,,,
ARTVİN,2013,ARTVİN,"36,6","35,5","37,7",,,,,,,,,,,,,,,
ARTVİN,2012,ARTVİN,"36,2","35,0","37,4",,,,,,,,,,,,,,,
ARTVİN,2011,ARTVİN,"35,6","34,5","36,8",,,,,,,,,,,,,,,
ARTVİN,2010,ARTVİN,"35,4","34,5","36,4",,,,,,,,,,,,,,,
ARTVİN,2009,ARTVİN,"34,8","33,7","35,8",,,,,,,,,,,,,,,
ARTVİN,2008,ARTVİN,"34,1","33,1","35,1",,,,,,,,,,,,,,,
ARTVİN,2007,ARTVİN,"33,4","32,5","34,5",,,,,,,,,,,,,,,
ARTVİN,2000,ARTVİN,"29,4","28,6","30,3",,,,,,,,,,,,,,,
ARTVİN,1990,ARTVİN,"24,8","24,3","25,4",,,,,,,,,,,,,,,
ARTVİN,1985,ARTVİN,"22,4","21,8","23,0",,,,,,,,,,,,,,,
AYDIN,2025,AYDIN,"40,4","39,5","41,4",,,,,,,,,,,,,,,
AYDIN,2024,AYDIN,"39,9","39,0","40,8",,,,,,,,,,,,,,,
AYDIN,2023,AYDIN,"39,4","38,4","40,3",,,,,,,,,,,,,,,
AYDIN,2022,AYDIN,"38,9","38,0","39,8",,,,,,,,,,,,,,,
AYDIN,2021,AYDIN,"38,5","37,7","39,4",,,,,,,,,,,,,,,
AYDIN,2020,AYDIN,"38,1","37,3","39,0",,,,,,,,,,,,,,,
AYDIN,2019,AYDIN,"37,6","36,8","38,4",,,,,,,,,,,,,,,
AYDIN,2018,AYDIN,"37,3","36,6","38,1",,,,,,,,,,,,,,,
AYDIN,2017,AYDIN,"36,8","36,0","37,7",,,,,,,,,,,,,,,
AYDIN,2016,AYDIN,"36,5","35,7","37,3",,,,,,,,,,,,,,,
AYDIN,2015,AYDIN,"36,2","35,4","36,9",,,,,,,,,,,,,,,
AYDIN,2014,AYDIN,"36,0","35,1","36,8",,,,,,,,,,,,,,,
AYDIN,2013,AYDIN,"35,3","34,5","36,1",,,,,,,,,,,,,,,
AYDIN,2012,AYDIN,"34,8","34,2","35,6",,,,,,,,,,,,,,,
AYDIN,2011,AYDIN,"34,4","33,8","35,1",,,,,,,,,,,,,,,
AYDIN,2010,AYDIN,"33,9","33,2","34,6",,,,,,,,,,,,,,,
AYDIN,2009,AYDIN,"33,4","32,7","34,1",,,,,,,,,,,,,,,
AYDIN,2008,AYDIN,"33,1","32,5","33,8",,,,,,,,,,,,,,,
AYDIN,2007,AYDIN,"32,8","32,1","33,5",,,,,,,,,,,,,,,
AYDIN,2000,AYDIN,"28,9","28,7","29,2",,,,,,,,,,,,,,,
AYDIN,1990,AYDIN,"26,2","26,0","26,3",,,,,,,,,,,,,,,
AYDIN,1985,AYDIN,"25,0","25,0","25,1",,,,,,,,,,,,,,,
BALIKESİR,2025,BALIKESİR,"42,7","41,2","44,1",,,,,,,,,,,,,,,
BALIKESİR,2024,BALIKESİR,"42,3","40,9","43,6",,,,,,,,,,,,,,,
BALIKESİR,2023,BALIKESİR,"41,8","40,5","43,1",,,,,,,,,,,,,,,
BALIKESİR,2022,BALIKESİR,"41,5","40,1","42,8",,,,,,,,,,,,,,,
BALIKESİR,2021,BALIKESİR,"41,0","39,6","42,4",,,,,,,,,,,,,,,
BALIKESİR,2020,BALIKESİR,"40,6","39,3","41,9",,,,,,,,,,,,,,,
BALIKESİR,2019,BALIKESİR,"40,2","39,0","41,5",,,,,,,,,,,,,,,
BALIKESİR,2018,BALIKESİR,"39,9","38,7","41,2",,,,,,,,,,,,,,,
BALIKESİR,2017,BALIKESİR,"39,4","38,3","40,6",,,,,,,,,,,,,,,
BALIKESİR,2016,BALIKESİR,"39,1","38,0","40,2",,,,,,,,,,,,,,,
BALIKESİR,2015,BALIKESİR,"38,8","37,6","39,9",,,,,,,,,,,,,,,
BALIKESİR,2014,BALIKESİR,"38,6","37,3","39,8",,,,,,,,,,,,,,,
BALIKESİR,2013,BALIKESİR,"37,7","36,6","38,8",,,,,,,,,,,,,,,
BALIKESİR,2012,BALIKESİR,"37,2","36,0","38,3",,,,,,,,,,,,,,,
BALIKESİR,2011,BALIKESİR,"36,8","35,7","37,9",,,,,,,,,,,,,,,
BALIKESİR,2010,BALIKESİR,"36,2","35,1","37,4",,,,,,,,,,,,,,,
BALIKESİR,2009,BALIKESİR,"35,8","34,7","36,8",,,,,,,,,,,,,,,
BALIKESİR,2008,BALIKESİR,"35,4","34,5","36,3",,,,,,,,,,,,,,,
BALIKESİR,2007,BALIKESİR,"34,9","33,9","35,9",,,,,,,,,,,,,,,
BALIKESİR,2000,BALIKESİR,"31,7","30,9","32,4",,,,,,,,,,,,,,,
BALIKESİR,1990,BALIKESİR,"28,0","27,6","28,5",,,,,,,,,,,,,,,
BALIKESİR,1985,BALIKESİR,"26,4","25,9","26,8",,,,,,,,,,,,,,,
BARTIN,2025,BARTIN,"41,9","41,1","42,8",,,,,,,,,,,,,,,
BARTIN,2024,BARTIN,"41,4","40,6","42,3",,,,,,,,,,,,,,,
BARTIN,2023,BARTIN,"40,7","39,8","41,7",,,,,,,,,,,,,,,
BARTIN,2022,BARTIN,"40,2","39,2","41,2",,,,,,,,,,,,,,,
BARTIN,2021,BARTIN,"39,9","38,9","40,8",,,,,,,,,,,,,,,
BARTIN,2020,BARTIN,"39,6","38,7","40,5",,,,,,,,,,,,,,,
BARTIN,2019,BARTIN,"39,0","38,2","39,8",,,,,,,,,,,,,,,
BARTIN,2018,BARTIN,"38,4","37,4","39,4",,,,,,,,,,,,,,,
BARTIN,2017,BARTIN,"38,1","37,3","39,0",,,,,,,,,,,,,,,
BARTIN,2016,BARTIN,"37,6","36,8","38,5",,,,,,,,,,,,,,,
BARTIN,2015,BARTIN,"37,3","36,4","38,1",,,,,,,,,,,,,,,
BARTIN,2014,BARTIN,"36,9","36,2","37,7",,,,,,,,,,,,,,,
BARTIN,2013,BARTIN,"36,3","35,4","37,3",,,,,,,,,,,,,,,
BARTIN,2012,BARTIN,"35,8","34,9","36,7",,,,,,,,,,,,,,,
BARTIN,2011,BARTIN,"35,5","34,8","36,2",,,,,,,,,,,,,,,
BARTIN,2010,BARTIN,"34,8","34,2","35,6",,,,,,,,,,,,,,,
BARTIN,2009,BARTIN,"34,1","33,2","35,0",,,,,,,,,,,,,,,
BARTIN,2008,BARTIN,"33,9","33,1","34,6",,,,,,,,,,,,,,,
BARTIN,2007,BARTIN,"33,4","32,6","34,2",,,,,,,,,,,,,,,
BARTIN,2000,BARTIN,"29,0","29,1","28,9",,,,,,,,,,,,,,,
BATMAN,2025,BATMAN,"25,9","25,7","26,2",,,,,,,,,,,,,,,
BATMAN,2024,BATMAN,"25,4","25,1","25,7",,,,,,,,,,,,,,,
BATMAN,2023,BATMAN,"24,8","24,6","25,1",,,,,,,,,,,,,,,
BATMAN,2022,BATMAN,"24,3","24,0","24,5",,,,,,,,,,,,,,,
BATMAN,2021,BATMAN,"23,7","23,5","24,0",,,,,,,,,,,,,,,
BATMAN,2020,BATMAN,"23,2","22,9","23,5",,,,,,,,,,,,,,,
BATMAN,2019,BATMAN,"22,8","22,4","23,1",,,,,,,,,,,,,,,
BATMAN,2018,BATMAN,"22,3","21,9","22,6",,,,,,,,,,,,,,,
BATMAN,2017,BATMAN,"21,8","21,3","22,2",,,,,,,,,,,,,,,
BATMAN,2016,BATMAN,"21,3","20,9","21,7",,,,,,,,,,,,,,,
BATMAN,2015,BATMAN,"20,9","20,5","21,4",,,,,,,,,,,,,,,
BATMAN,2014,BATMAN,"20,5","20,1","21,0",,,,,,,,,,,,,,,
BATMAN,2013,BATMAN,"20,1","19,7","20,6",,,,,,,,,,,,,,,
BATMAN,2012,BATMAN,"19,8","19,4","20,2",,,,,,,,,,,,,,,
BATMAN,2011,BATMAN,"19,4","19,0","19,8",,,,,,,,,,,,,,,
BATMAN,2010,BATMAN,"18,9","18,5","19,4",,,,,,,,,,,,,,,
BATMAN,2009,BATMAN,"18,7","18,3","19,0",,,,,,,,,,,,,,,
BATMAN,2008,BATMAN,"18,6","18,2","18,9",,,,,,,,,,,,,,,
BATMAN,2007,BATMAN,"18,3","17,8","18,9",,,,,,,,,,,,,,,
BATMAN,2000,BATMAN,"16,3","15,7","16,9",,,,,,,,,,,,,,,
BATMAN,1990,BATMAN,"14,7","14,4","15,1",,,,,,,,,,,,,,,
BAYBURT,2025,BAYBURT,"33,4","33,4","33,4",,,,,,,,,,,,,,,
BAYBURT,2024,BAYBURT,"32,8","32,9","32,7",,,,,,,,,,,,,,,
BAYBURT,2023,BAYBURT,"31,9","31,8","32,0",,,,,,,,,,,,,,,
BAYBURT,2022,BAYBURT,"30,9","30,7","31,1",,,,,,,,,,,,,,,
BAYBURT,2021,BAYBURT,"30,0","29,7","30,6",,,,,,,,,,,,,,,
BAYBURT,2020,BAYBURT,"30,8","30,1","31,7",,,,,,,,,,,,,,,
BAYBURT,2019,BAYBURT,"29,5","29,2","30,0",,,,,,,,,,,,,,,
BAYBURT,2018,BAYBURT,"30,3","30,0","30,7",,,,,,,,,,,,,,,
BAYBURT,2017,BAYBURT,"28,8","28,2","29,6",,,,,,,,,,,,,,,
BAYBURT,2016,BAYBURT,"29,3","28,6","30,0",,,,,,,,,,,,,,,
BAYBURT,2015,BAYBURT,"29,7","29,0","30,5",,,,,,,,,,,,,,,
BAYBURT,2014,BAYBURT,"29,6","28,8","30,7",,,,,,,,,,,,,,,
BAYBURT,2013,BAYBURT,"28,4","27,6","29,4",,,,,,,,,,,,,,,
BAYBURT,2012,BAYBURT,"27,7","26,3","29,3",,,,,,,,,,,,,,,
BAYBURT,2011,BAYBURT,"27,2","25,5","29,1",,,,,,,,,,,,,,,
BAYBURT,2010,BAYBURT,"27,5","26,6","28,5",,,,,,,,,,,,,,,
BAYBURT,2009,BAYBURT,"26,9","26,1","27,9",,,,,,,,,,,,,,,
BAYBURT,2008,BAYBURT,"26,7","25,5","28,0",,,,,,,,,,,,,,,
BAYBURT,2007,BAYBURT,"26,4","25,4","27,5",,,,,,,,,,,,,,,
BAYBURT,2000,BAYBURT,"23,1","22,5","23,8",,,,,,,,,,,,,,,
BAYBURT,1990,BAYBURT,"20,3","19,7","20,8",,,,,,,,,,,,,,,
BİLECİK,2025,BİLECİK,"37,6","37,0","38,3",,,,,,,,,,,,,,,
BİLECİK,2024,BİLECİK,"37,1","36,5","37,8",,,,,,,,,,,,,,,
BİLECİK,2023,BİLECİK,"36,7","36,0","37,5",,,,,,,,,,,,,,,
BİLECİK,2022,BİLECİK,"35,8","34,8","37,0",,,,,,,,,,,,,,,
BİLECİK,2021,BİLECİK,"35,1","33,6","36,8",,,,,,,,,,,,,,,
BİLECİK,2020,BİLECİK,"36,1","35,5","36,8",,,,,,,,,,,,,,,
BİLECİK,2019,BİLECİK,"35,6","34,9","36,3",,,,,,,,,,,,,,,
BİLECİK,2018,BİLECİK,"34,5","33,1","36,2",,,,,,,,,,,,,,,
BİLECİK,2017,BİLECİK,"34,2","32,9","35,7",,,,,,,,,,,,,,,
BİLECİK,2016,BİLECİK,"33,9","32,5","35,4",,,,,,,,,,,,,,,
BİLECİK,2015,BİLECİK,"33,8","32,7","35,2",,,,,,,,,,,,,,,
BİLECİK,2014,BİLECİK,"33,4","32,0","34,9",,,,,,,,,,,,,,,
BİLECİK,2013,BİLECİK,"33,0","31,4","34,7",,,,,,,,,,,,,,,
BİLECİK,2012,BİLECİK,"33,0","31,6","34,4",,,,,,,,,,,,,,,
BİLECİK,2011,BİLECİK,"32,5","30,8","34,4",,,,,,,,,,,,,,,
BİLECİK,2010,BİLECİK,"28,9","25,3","34,0",,,,,,,,,,,,,,,
BİLECİK,2009,BİLECİK,"31,7","29,8","33,8",,,,,,,,,,,,,,,
BİLECİK,2008,BİLECİK,"32,6","31,7","33,6",,,,,,,,,,,,,,,
BİLECİK,2007,BİLECİK,"30,4","28,3","33,2",,,,,,,,,,,,,,,
BİLECİK,2000,BİLECİK,"28,9","27,5","30,5",,,,,,,,,,,,,,,
BİLECİK,1990,BİLECİK,"26,8","26,0","27,7",,,,,,,,,,,,,,,
BİLECİK,1985,BİLECİK,"25,8","25,2","26,5",,,,,,,,,,,,,,,
BİNGÖL,2025,BİNGÖL,"31,1","30,9","31,3",,,,,,,,,,,,,,,
BİNGÖL,2024,BİNGÖL,"30,6","30,4","30,8",,,,,,,,,,,,,,,
BİNGÖL,2023,BİNGÖL,"30,0","29,8","30,1",,,,,,,,,,,,,,,
BİNGÖL,2022,BİNGÖL,"29,2","29,0","29,4",,,,,,,,,,,,,,,
BİNGÖL,2021,BİNGÖL,"28,5","28,4","28,7",,,,,,,,,,,,,,,
BİNGÖL,2020,BİNGÖL,"28,1","27,9","28,3",,,,,,,,,,,,,,,
BİNGÖL,2019,BİNGÖL,"27,6","27,4","27,8",,,,,,,,,,,,,,,
BİNGÖL,2018,BİNGÖL,"27,1","26,7","27,5",,,,,,,,,,,,,,,
BİNGÖL,2017,BİNGÖL,"26,5","26,1","26,9",,,,,,,,,,,,,,,
BİNGÖL,2016,BİNGÖL,"26,2","25,8","26,7",,,,,,,,,,,,,,,
BİNGÖL,2015,BİNGÖL,"25,7","25,2","26,3",,,,,,,,,,,,,,,
BİNGÖL,2014,BİNGÖL,"25,4","24,9","26,0",,,,,,,,,,,,,,,
BİNGÖL,2013,BİNGÖL,"24,9","24,5","25,5",,,,,,,,,,,,,,,
BİNGÖL,2012,BİNGÖL,"24,5","24,1","25,1",,,,,,,,,,,,,,,
BİNGÖL,2011,BİNGÖL,"24,1","23,8","24,6",,,,,,,,,,,,,,,
BİNGÖL,2010,BİNGÖL,"24,0","23,7","24,2",,,,,,,,,,,,,,,
BİNGÖL,2009,BİNGÖL,"23,5","23,3","23,8",,,,,,,,,,,,,,,
BİNGÖL,2008,BİNGÖL,"23,2","22,9","23,6",,,,,,,,,,,,,,,
BİNGÖL,2007,BİNGÖL,"23,0","22,8","23,4",,,,,,,,,,,,,,,
BİNGÖL,2000,BİNGÖL,"19,8","19,8","19,8",,,,,,,,,,,,,,,
BİNGÖL,1990,BİNGÖL,"16,1","15,5","16,7",,,,,,,,,,,,,,,
BİNGÖL,1985,BİNGÖL,"14,8","14,1","15,6",,,,,,,,,,,,,,,
BİTLİS,2025,BİTLİS,"26,4","26,6","26,3",,,,,,,,,,,,,,,
BİTLİS,2024,BİTLİS,"25,9","26,1","25,7",,,,,,,,,,,,,,,
BİTLİS,2023,BİTLİS,"25,3","25,4","25,2",,,,,,,,,,,,,,,
BİTLİS,2022,BİTLİS,"24,9","25,1","24,6",,,,,,,,,,,,,,,
BİTLİS,2021,BİTLİS,"24,3","24,4","24,1",,,,,,,,,,,,,,,
BİTLİS,2020,BİTLİS,"23,8","23,9","23,7",,,,,,,,,,,,,,,
BİTLİS,2019,BİTLİS,"23,4","23,6","23,3",,,,,,,,,,,,,,,
BİTLİS,2018,BİTLİS,"23,1","23,2","22,9",,,,,,,,,,,,,,,
BİTLİS,2017,BİTLİS,"22,5","22,5","22,4",,,,,,,,,,,,,,,
BİTLİS,2016,BİTLİS,"22,0","22,1","22,0",,,,,,,,,,,,,,,
BİTLİS,2015,BİTLİS,"21,7","21,7","21,7",,,,,,,,,,,,,,,
BİTLİS,2014,BİTLİS,"21,3","21,2","21,3",,,,,,,,,,,,,,,
BİTLİS,2013,BİTLİS,"20,9","20,8","20,9",,,,,,,,,,,,,,,
BİTLİS,2012,BİTLİS,"20,6","20,7","20,6",,,,,,,,,,,,,,,
BİTLİS,2011,BİTLİS,"20,3","20,4","20,2",,,,,,,,,,,,,,,
BİTLİS,2010,BİTLİS,"19,7","19,5","19,9",,,,,,,,,,,,,,,
BİTLİS,2009,BİTLİS,"19,6","19,6","19,6",,,,,,,,,,,,,,,
BİTLİS,2008,BİTLİS,"19,4","19,4","19,4",,,,,,,,,,,,,,,
BİTLİS,2007,BİTLİS,"19,3","19,2","19,4",,,,,,,,,,,,,,,
BİTLİS,2000,BİTLİS,"17,5","17,4","17,6",,,,,,,,,,,,,,,
BİTLİS,1990,BİTLİS,"14,8","14,5","15,2",,,,,,,,,,,,,,,
BİTLİS,1985,BİTLİS,"14,3","13,9","14,7",,,,,,,,,,,,,,,
BOLU,2025,BOLU,"38,8","38,0","39,8",,,,,,,,,,,,,,,
BOLU,2024,BOLU,"38,4","37,5","39,3",,,,,,,,,,,,,,,
BOLU,2023,BOLU,"37,9","37,1","38,9",,,,,,,,,,,,,,,
BOLU,2022,BOLU,"37,5","36,7","38,3",,,,,,,,,,,,,,,
BOLU,2021,BOLU,"37,1","36,2","38,0",,,,,,,,,,,,,,,
BOLU,2020,BOLU,"37,0","36,0","37,9",,,,,,,,,,,,,,,
BOLU,2019,BOLU,"36,3","35,5","37,1",,,,,,,,,,,,,,,
BOLU,2018,BOLU,"36,0","35,2","36,8",,,,,,,,,,,,,,,
BOLU,2017,BOLU,"35,7","34,9","36,6",,,,,,,,,,,,,,,
BOLU,2016,BOLU,"35,4","34,6","36,2",,,,,,,,,,,,,,,
BOLU,2015,BOLU,"35,4","34,5","36,4",,,,,,,,,,,,,,,
BOLU,2014,BOLU,"35,2","34,5","36,1",,,,,,,,,,,,,,,
BOLU,2013,BOLU,"34,8","34,0","35,7",,,,,,,,,,,,,,,
BOLU,2012,BOLU,"34,3","33,4","35,2",,,,,,,,,,,,,,,
BOLU,2011,BOLU,"34,0","33,1","35,0",,,,,,,,,,,,,,,
BOLU,2010,BOLU,"34,0","33,2","34,9",,,,,,,,,,,,,,,
BOLU,2009,BOLU,"33,4","32,3","34,4",,,,,,,,,,,,,,,
BOLU,2008,BOLU,"33,1","31,9","34,3",,,,,,,,,,,,,,,
BOLU,2007,BOLU,"32,5","31,4","33,6",,,,,,,,,,,,,,,
BOLU,2000,BOLU,"29,8","29,2","30,5",,,,,,,,,,,,,,,
BOLU,1990,BOLU,"25,2","25,1","25,2",,,,,,,,,,,,,,,
BOLU,1985,BOLU,"23,3","23,1","23,5",,,,,,,,,,,,,,,
BURDUR,2025,BURDUR,"39,7","38,0","41,6",,,,,,,,,,,,,,,
BURDUR,2024,BURDUR,"39,7","38,3","41,1",,,,,,,,,,,,,,,
BURDUR,2023,BURDUR,"39,2","37,8","40,7",,,,,,,,,,,,,,,
BURDUR,2022,BURDUR,"38,7","37,2","40,3",,,,,,,,,,,,,,,
BURDUR,2021,BURDUR,"38,3","36,6","40,1",,,,,,,,,,,,,,,
BURDUR,2020,BURDUR,"38,6","36,9","40,4",,,,,,,,,,,,,,,
BURDUR,2019,BURDUR,"37,7","36,0","39,5",,,,,,,,,,,,,,,
BURDUR,2018,BURDUR,"37,4","35,9","39,0",,,,,,,,,,,,,,,
BURDUR,2017,BURDUR,"37,4","35,8","39,0",,,,,,,,,,,,,,,
BURDUR,2016,BURDUR,"37,4","36,2","38,7",,,,,,,,,,,,,,,
BURDUR,2015,BURDUR,"37,2","36,0","38,4",,,,,,,,,,,,,,,
BURDUR,2014,BURDUR,"37,0","35,9","38,2",,,,,,,,,,,,,,,
BURDUR,2013,BURDUR,"36,5","35,4","37,6",,,,,,,,,,,,,,,
BURDUR,2012,BURDUR,"36,3","35,2","37,4",,,,,,,,,,,,,,,
BURDUR,2011,BURDUR,"36,3","35,2","37,5",,,,,,,,,,,,,,,
BURDUR,2010,BURDUR,"34,7","32,4","37,1",,,,,,,,,,,,,,,
BURDUR,2009,BURDUR,"35,1","33,5","36,7",,,,,,,,,,,,,,,
BURDUR,2008,BURDUR,"35,2","34,0","36,4",,,,,,,,,,,,,,,
BURDUR,2007,BURDUR,"33,9","32,2","35,8",,,,,,,,,,,,,,,
BURDUR,2000,BURDUR,"30,8","30,1","31,5",,,,,,,,,,,,,,,
BURDUR,1990,BURDUR,"27,0","26,7","27,3",,,,,,,,,,,,,,,
BURDUR,1985,BURDUR,"24,3","23,9","24,8",,,,,,,,,,,,,,,
BURSA,2025,BURSA,"36,8","36,0","37,6",,,,,,,,,,,,,,,
BURSA,2024,BURSA,"36,3","35,5","37,1",,,,,,,,,,,,,,,
BURSA,2023,BURSA,"35,9","35,1","36,6",,,,,,,,,,,,,,,
BURSA,2022,BURSA,"35,4","34,7","36,1",,,,,,,,,,,,,,,
BURSA,2021,BURSA,"35,1","34,4","35,8",,,,,,,,,,,,,,,
BURSA,2020,BURSA,"34,8","34,2","35,4",,,,,,,,,,,,,,,
BURSA,2019,BURSA,"34,6","33,9","35,2",,,,,,,,,,,,,,,
BURSA,2018,BURSA,"34,2","33,7","34,8",,,,,,,,,,,,,,,
BURSA,2017,BURSA,"34,0","33,4","34,5",,,,,,,,,,,,,,,
BURSA,2016,BURSA,"33,6","33,0","34,2",,,,,,,,,,,,,,,
BURSA,2015,BURSA,"33,2","32,8","33,7",,,,,,,,,,,,,,,
BURSA,2014,BURSA,"32,9","32,5","33,3",,,,,,,,,,,,,,,
BURSA,2013,BURSA,"32,6","32,1","33,0",,,,,,,,,,,,,,,
BURSA,2012,BURSA,"32,3","31,9","32,7",,,,,,,,,,,,,,,
BURSA,2011,BURSA,"31,9","31,5","32,2",,,,,,,,,,,,,,,
BURSA,2010,BURSA,"31,5","31,2","31,8",,,,,,,,,,,,,,,
BURSA,2009,BURSA,"31,1","30,8","31,4",,,,,,,,,,,,,,,
BURSA,2008,BURSA,"30,7","30,4","31,1",,,,,,,,,,,,,,,
BURSA,2007,BURSA,"30,6","30,2","31,0",,,,,,,,,,,,,,,
BURSA,2000,BURSA,"28,0","27,8","28,2",,,,,,,,,,,,,,,
BURSA,1990,BURSA,"25,9","25,8","26,0",,,,,,,,,,,,,,,
BURSA,1985,BURSA,"24,9","24,8","25,0",,,,,,,,,,,,,,,
ÇANAKKALE,2025,ÇANAKKALE,"42,0","41,0","43,0",,,,,,,,,,,,,,,
ÇANAKKALE,2024,ÇANAKKALE,"41,7","40,8","42,6",,,,,,,,,,,,,,,
ÇANAKKALE,2023,ÇANAKKALE,"41,0","39,8","42,2",,,,,,,,,,,,,,,
ÇANAKKALE,2022,ÇANAKKALE,"40,7","39,7","41,8",,,,,,,,,,,,,,,
ÇANAKKALE,2021,ÇANAKKALE,"40,2","38,8","41,4",,,,,,,,,,,,,,,
ÇANAKKALE,2020,ÇANAKKALE,"40,3","39,2","41,4",,,,,,,,,,,,,,,
ÇANAKKALE,2019,ÇANAKKALE,"39,5","38,4","40,6",,,,,,,,,,,,,,,
ÇANAKKALE,2018,ÇANAKKALE,"38,9","37,7","40,2",,,,,,,,,,,,,,,
ÇANAKKALE,2017,ÇANAKKALE,"38,5","37,2","39,9",,,,,,,,,,,,,,,
ÇANAKKALE,2016,ÇANAKKALE,"38,5","37,4","39,7",,,,,,,,,,,,,,,
ÇANAKKALE,2015,ÇANAKKALE,"38,1","36,9","39,5",,,,,,,,,,,,,,,
ÇANAKKALE,2014,ÇANAKKALE,"37,8","36,4","39,3",,,,,,,,,,,,,,,
ÇANAKKALE,2013,ÇANAKKALE,"37,3","36,0","38,7",,,,,,,,,,,,,,,
ÇANAKKALE,2012,ÇANAKKALE,"37,2","35,9","38,5",,,,,,,,,,,,,,,
ÇANAKKALE,2011,ÇANAKKALE,"37,0","35,4","38,6",,,,,,,,,,,,,,,
ÇANAKKALE,2010,ÇANAKKALE,"36,0","34,0","38,1",,,,,,,,,,,,,,,
ÇANAKKALE,2009,ÇANAKKALE,"36,2","34,8","37,6",,,,,,,,,,,,,,,
ÇANAKKALE,2008,ÇANAKKALE,"35,9","34,5","37,4",,,,,,,,,,,,,,,
ÇANAKKALE,2007,ÇANAKKALE,"35,4","33,8","37,0",,,,,,,,,,,,,,,
ÇANAKKALE,2000,ÇANAKKALE,"32,4","30,9","33,9",,,,,,,,,,,,,,,
ÇANAKKALE,1990,ÇANAKKALE,"29,0","28,0","30,1",,,,,,,,,,,,,,,
ÇANAKKALE,1985,ÇANAKKALE,"27,0","26,1","28,1",,,,,,,,,,,,,,,
ÇANKIRI,2025,ÇANKIRI,"40,3","39,5","41,2",,,,,,,,,,,,,,,
ÇANKIRI,2024,ÇANKIRI,"40,1","39,2","41,1",,,,,,,,,,,,,,,
ÇANKIRI,2023,ÇANKIRI,"39,8","38,8","40,8",,,,,,,,,,,,,,,
ÇANKIRI,2022,ÇANKIRI,"38,7","37,6","40,1",,,,,,,,,,,,,,,
ÇANKIRI,2021,ÇANKIRI,"38,2","37,0","39,7",,,,,,,,,,,,,,,
ÇANKIRI,2020,ÇANKIRI,"38,5","37,2","39,9",,,,,,,,,,,,,,,
ÇANKIRI,2019,ÇANKIRI,"38,1","36,8","39,4",,,,,,,,,,,,,,,
ÇANKIRI,2018,ÇANKIRI,"37,5","36,3","38,9",,,,,,,,,,,,,,,
ÇANKIRI,2017,ÇANKIRI,"37,0","35,8","38,3",,,,,,,,,,,,,,,
ÇANKIRI,2016,ÇANKIRI,"37,1","36,1","38,2",,,,,,,,,,,,,,,
ÇANKIRI,2015,ÇANKIRI,"37,1","35,9","38,3",,,,,,,,,,,,,,,
ÇANKIRI,2014,ÇANKIRI,"37,0","35,6","38,4",,,,,,,,,,,,,,,
ÇANKIRI,2013,ÇANKIRI,"36,0","34,7","37,4",,,,,,,,,,,,,,,
ÇANKIRI,2012,ÇANKIRI,"35,3","34,0","36,7",,,,,,,,,,,,,,,
ÇANKIRI,2011,ÇANKIRI,"35,2","34,0","36,5",,,,,,,,,,,,,,,
ÇANKIRI,2010,ÇANKIRI,"34,9","33,7","36,1",,,,,,,,,,,,,,,
ÇANKIRI,2009,ÇANKIRI,"34,3","33,1","35,5",,,,,,,,,,,,,,,
ÇANKIRI,2008,ÇANKIRI,"33,6","32,2","35,0",,,,,,,,,,,,,,,
ÇANKIRI,2007,ÇANKIRI,"32,6","31,1","34,0",,,,,,,,,,,,,,,
ÇANKIRI,2000,ÇANKIRI,"27,6","27,2","28,0",,,,,,,,,,,,,,,
ÇANKIRI,1990,ÇANKIRI,"24,1","24,0","24,2",,,,,,,,,,,,,,,
ÇANKIRI,1985,ÇANKIRI,"21,7","21,1","22,1",,,,,,,,,,,,,,,
ÇORUM,2025,ÇORUM,"41,3","40,3","42,4",,,,,,,,,,,,,,,
ÇORUM,2024,ÇORUM,"40,9","39,9","41,9",,,,,,,,,,,,,,,
ÇORUM,2023,ÇORUM,"40,3","39,3","41,2",,,,,,,,,,,,,,,
ÇORUM,2022,ÇORUM,"39,6","38,5","40,6",,,,,,,,,,,,,,,
ÇORUM,2021,ÇORUM,"38,9","37,8","40,0",,,,,,,,,,,,,,,
ÇORUM,2020,ÇORUM,"38,1","37,1","39,1",,,,,,,,,,,,,,,
ÇORUM,2019,ÇORUM,"37,7","36,8","38,7",,,,,,,,,,,,,,,
ÇORUM,2018,ÇORUM,"37,1","36,2","38,0",,,,,,,,,,,,,,,
ÇORUM,2017,ÇORUM,"36,7","35,8","37,6",,,,,,,,,,,,,,,
ÇORUM,2016,ÇORUM,"36,3","35,4","37,2",,,,,,,,,,,,,,,
ÇORUM,2015,ÇORUM,"35,9","35,0","36,8",,,,,,,,,,,,,,,
ÇORUM,2014,ÇORUM,"35,3","34,5","36,2",,,,,,,,,,,,,,,
ÇORUM,2013,ÇORUM,"34,6","33,8","35,5",,,,,,,,,,,,,,,
ÇORUM,2012,ÇORUM,"34,1","33,4","34,8",,,,,,,,,,,,,,,
ÇORUM,2011,ÇORUM,"33,4","32,7","34,2",,,,,,,,,,,,,,,
ÇORUM,2010,ÇORUM,"32,8","32,2","33,5",,,,,,,,,,,,,,,
ÇORUM,2009,ÇORUM,"32,0","31,2","32,8",,,,,,,,,,,,,,,
ÇORUM,2008,ÇORUM,"31,4","30,6","32,1",,,,,,,,,,,,,,,
ÇORUM,2007,ÇORUM,"30,7","29,9","31,6",,,,,,,,,,,,,,,
ÇORUM,2000,ÇORUM,"26,2","26,1","26,3",,,,,,,,,,,,,,,
ÇORUM,1990,ÇORUM,"21,6","20,8","22,2",,,,,,,,,,,,,,,
ÇORUM,1985,ÇORUM,"19,9","19,0","20,8",,,,,,,,,,,,,,,
DENİZLİ,2025,DENİZLİ,"38,8","38,1","39,6",,,,,,,,,,,,,,,
DENİZLİ,2024,DENİZLİ,"38,2","37,5","39,0",,,,,,,,,,,,,,,
DENİZLİ,2023,DENİZLİ,"37,7","37,0","38,5",,,,,,,,,,,,,,,
DENİZLİ,2022,DENİZLİ,"37,2","36,5","37,9",,,,,,,,,,,,,,,
DENİZLİ,2021,DENİZLİ,"36,8","36,1","37,5",,,,,,,,,,,,,,,
DENİZLİ,2020,DENİZLİ,"36,4","35,7","37,0",,,,,,,,,,,,,,,
DENİZLİ,2019,DENİZLİ,"36,0","35,3","36,6",,,,,,,,,,,,,,,
DENİZLİ,2018,DENİZLİ,"35,6","35,0","36,1",,,,,,,,,,,,,,,
DENİZLİ,2017,DENİZLİ,"35,1","34,5","35,7",,,,,,,,,,,,,,,
DENİZLİ,2016,DENİZLİ,"34,8","34,2","35,3",,,,,,,,,,,,,,,
DENİZLİ,2015,DENİZLİ,"34,3","33,7","34,9",,,,,,,,,,,,,,,
DENİZLİ,2014,DENİZLİ,"33,9","33,4","34,4",,,,,,,,,,,,,,,
DENİZLİ,2013,DENİZLİ,"33,5","33,0","34,1",,,,,,,,,,,,,,,
DENİZLİ,2012,DENİZLİ,"33,2","32,8","33,7",,,,,,,,,,,,,,,
DENİZLİ,2011,DENİZLİ,"32,8","32,3","33,3",,,,,,,,,,,,,,,
DENİZLİ,2010,DENİZLİ,"32,4","32,0","32,8",,,,,,,,,,,,,,,
DENİZLİ,2009,DENİZLİ,"31,8","31,3","32,3",,,,,,,,,,,,,,,
DENİZLİ,2008,DENİZLİ,"31,4","30,9","31,9",,,,,,,,,,,,,,,
DENİZLİ,2007,DENİZLİ,"31,0","30,4","31,6",,,,,,,,,,,,,,,
DENİZLİ,2000,DENİZLİ,"28,0","27,5","28,4",,,,,,,,,,,,,,,
DENİZLİ,1990,DENİZLİ,"24,5","23,9","25,1",,,,,,,,,,,,,,,
DENİZLİ,1985,DENİZLİ,"23,0","22,5","23,6",,,,,,,,,,,,,,,
DİYARBAKIR,2025,DİYARBAKIR,"26,7","26,3","27,1",,,,,,,,,,,,,,,
DİYARBAKIR,2024,DİYARBAKIR,"26,3","25,8","26,7",,,,,,,,,,,,,,,
DİYARBAKIR,2023,DİYARBAKIR,"25,8","25,4","26,2",,,,,,,,,,,,,,,
DİYARBAKIR,2022,DİYARBAKIR,"25,2","24,8","25,6",,,,,,,,,,,,,,,
DİYARBAKIR,2021,DİYARBAKIR,"24,8","24,4","25,2",,,,,,,,,,,,,,,
DİYARBAKIR,2020,DİYARBAKIR,"24,3","23,9","24,7",,,,,,,,,,,,,,,
DİYARBAKIR,2019,DİYARBAKIR,"24,0","23,6","24,4",,,,,,,,,,,,,,,
DİYARBAKIR,2018,DİYARBAKIR,"23,5","23,1","24,0",,,,,,,,,,,,,,,
DİYARBAKIR,2017,DİYARBAKIR,"23,2","22,7","23,6",,,,,,,,,,,,,,,
DİYARBAKIR,2016,DİYARBAKIR,"22,8","22,4","23,2",,,,,,,,,,,,,,,
DİYARBAKIR,2015,DİYARBAKIR,"22,5","22,1","22,9",,,,,,,,,,,,,,,
DİYARBAKIR,2014,DİYARBAKIR,"22,2","21,9","22,6",,,,,,,,,,,,,,,
DİYARBAKIR,2013,DİYARBAKIR,"21,9","21,5","22,4",,,,,,,,,,,,,,,
DİYARBAKIR,2012,DİYARBAKIR,"21,7","21,3","22,0",,,,,,,,,,,,,,,
DİYARBAKIR,2011,DİYARBAKIR,"21,4","21,1","21,7",,,,,,,,,,,,,,,
DİYARBAKIR,2010,DİYARBAKIR,"20,9","20,3","21,4",,,,,,,,,,,,,,,
DİYARBAKIR,2009,DİYARBAKIR,"20,7","20,4","21,0",,,,,,,,,,,,,,,
DİYARBAKIR,2008,DİYARBAKIR,"20,6","20,3","20,9",,,,,,,,,,,,,,,
DİYARBAKIR,2007,DİYARBAKIR,"20,4","19,9","20,9",,,,,,,,,,,,,,,
DİYARBAKIR,2000,DİYARBAKIR,"17,7","17,3","18,2",,,,,,,,,,,,,,,
DİYARBAKIR,1990,DİYARBAKIR,"15,9","15,5","16,4",,,,,,,,,,,,,,,
DİYARBAKIR,1985,DİYARBAKIR,"15,2","14,9","15,7",,,,,,,,,,,,,,,
DÜZCE,2025,DÜZCE,"36,8","36,2","37,4",,,,,,,,,,,,,,,
DÜZCE,2024,DÜZCE,"36,3","35,8","36,9",,,,,,,,,,,,,,,
DÜZCE,2023,DÜZCE,"35,8","35,3","36,4",,,,,,,,,,,,,,,
DÜZCE,2022,DÜZCE,"35,2","34,6","35,8",,,,,,,,,,,,,,,
DÜZCE,2021,DÜZCE,"34,7","34,3","35,2",,,,,,,,,,,,,,,
DÜZCE,2020,DÜZCE,"34,4","33,9","34,8",,,,,,,,,,,,,,,
DÜZCE,2019,DÜZCE,"33,9","33,5","34,4",,,,,,,,,,,,,,,
DÜZCE,2018,DÜZCE,"33,6","33,2","34,0",,,,,,,,,,,,,,,
DÜZCE,2017,DÜZCE,"33,4","33,1","33,8",,,,,,,,,,,,,,,
DÜZCE,2016,DÜZCE,"33,2","32,7","33,7",,,,,,,,,,,,,,,
DÜZCE,2015,DÜZCE,"33,1","32,6","33,6",,,,,,,,,,,,,,,
DÜZCE,2014,DÜZCE,"32,7","32,3","33,2",,,,,,,,,,,,,,,
DÜZCE,2013,DÜZCE,"32,3","31,8","32,8",,,,,,,,,,,,,,,
DÜZCE,2012,DÜZCE,"32,0","31,6","32,4",,,,,,,,,,,,,,,
DÜZCE,2011,DÜZCE,"31,7","31,4","32,0",,,,,,,,,,,,,,,
DÜZCE,2010,DÜZCE,"31,3","31,1","31,6",,,,,,,,,,,,,,,
DÜZCE,2009,DÜZCE,"30,7","30,2","31,1",,,,,,,,,,,,,,,
DÜZCE,2008,DÜZCE,"30,4","30,1","30,8",,,,,,,,,,,,,,,
DÜZCE,2007,DÜZCE,"30,1","29,7","30,5",,,,,,,,,,,,,,,
DÜZCE,2000,DÜZCE,"27,1","27,2","26,9",,,,,,,,,,,,,,,
EDİRNE,2025,EDİRNE,"41,8","40,6","43,1",,,,,,,,,,,,,,,
EDİRNE,2024,EDİRNE,"41,4","40,3","42,7",,,,,,,,,,,,,,,
EDİRNE,2023,EDİRNE,"41,1","40,0","42,3",,,,,,,,,,,,,,,
EDİRNE,2022,EDİRNE,"40,8","39,7","42,1",,,,,,,,,,,,,,,
EDİRNE,2021,EDİRNE,"40,5","39,1","41,9",,,,,,,,,,,,,,,
EDİRNE,2020,EDİRNE,"40,4","39,0","41,9",,,,,,,,,,,,,,,
EDİRNE,2019,EDİRNE,"39,4","38,0","41,0",,,,,,,,,,,,,,,
EDİRNE,2018,EDİRNE,"39,2","37,7","40,7",,,,,,,,,,,,,,,
EDİRNE,2017,EDİRNE,"38,9","37,5","40,3",,,,,,,,,,,,,,,
EDİRNE,2016,EDİRNE,"38,8","37,4","40,3",,,,,,,,,,,,,,,
EDİRNE,2015,EDİRNE,"38,2","36,9","39,5",,,,,,,,,,,,,,,
EDİRNE,2014,EDİRNE,"38,0","36,7","39,5",,,,,,,,,,,,,,,
EDİRNE,2013,EDİRNE,"37,6","36,4","38,9",,,,,,,,,,,,,,,
EDİRNE,2012,EDİRNE,"37,1","35,6","38,6",,,,,,,,,,,,,,,
EDİRNE,2011,EDİRNE,"36,8","35,2","38,4",,,,,,,,,,,,,,,
EDİRNE,2010,EDİRNE,"37,0","36,1","38,0",,,,,,,,,,,,,,,
EDİRNE,2009,EDİRNE,"36,0","34,6","37,4",,,,,,,,,,,,,,,
EDİRNE,2008,EDİRNE,"35,5","33,9","37,2",,,,,,,,,,,,,,,
EDİRNE,2007,EDİRNE,"35,0","33,5","36,6",,,,,,,,,,,,,,,
EDİRNE,2000,EDİRNE,"30,9","29,1","32,9",,,,,,,,,,,,,,,
EDİRNE,1990,EDİRNE,"27,1","26,3","27,9",,,,,,,,,,,,,,,
EDİRNE,1985,EDİRNE,"24,7","24,3","25,5",,,,,,,,,,,,,,,
ELAZIĞ,2025,ELAZIĞ,"35,7","34,7","36,7",,,,,,,,,,,,,,,
ELAZIĞ,2024,ELAZIĞ,"35,2","34,2","36,2",,,,,,,,,,,,,,,
ELAZIĞ,2023,ELAZIĞ,"34,7","33,6","35,7",,,,,,,,,,,,,,,
ELAZIĞ,2022,ELAZIĞ,"34,2","33,1","35,2",,,,,,,,,,,,,,,
ELAZIĞ,2021,ELAZIĞ,"33,5","32,4","34,7",,,,,,,,,,,,,,,
ELAZIĞ,2020,ELAZIĞ,"33,0","31,9","34,1",,,,,,,,,,,,,,,
ELAZIĞ,2019,ELAZIĞ,"32,5","31,4","33,6",,,,,,,,,,,,,,,
ELAZIĞ,2018,ELAZIĞ,"32,0","30,9","33,2",,,,,,,,,,,,,,,
ELAZIĞ,2017,ELAZIĞ,"31,5","30,3","32,7",,,,,,,,,,,,,,,
ELAZIĞ,2016,ELAZIĞ,"31,0","29,7","32,3",,,,,,,,,,,,,,,
ELAZIĞ,2015,ELAZIĞ,"30,6","29,3","31,8",,,,,,,,,,,,,,,
ELAZIĞ,2014,ELAZIĞ,"30,4","29,3","31,4",,,,,,,,,,,,,,,
ELAZIĞ,2013,ELAZIĞ,"30,0","28,8","31,1",,,,,,,,,,,,,,,
ELAZIĞ,2012,ELAZIĞ,"29,5","28,3","30,6",,,,,,,,,,,,,,,
ELAZIĞ,2011,ELAZIĞ,"29,2","28,1","30,3",,,,,,,,,,,,,,,
ELAZIĞ,2010,ELAZIĞ,"28,7","27,8","29,6",,,,,,,,,,,,,,,
ELAZIĞ,2009,ELAZIĞ,"28,0","27,0","29,0",,,,,,,,,,,,,,,
ELAZIĞ,2008,ELAZIĞ,"27,7","26,6","28,6",,,,,,,,,,,,,,,
ELAZIĞ,2007,ELAZIĞ,"27,5","26,5","28,4",,,,,,,,,,,,,,,
ELAZIĞ,2000,ELAZIĞ,"23,4","22,8","24,1",,,,,,,,,,,,,,,
ELAZIĞ,1990,ELAZIĞ,"20,1","19,6","20,7",,,,,,,,,,,,,,,
ELAZIĞ,1985,ELAZIĞ,"18,8","18,2","19,3",,,,,,,,,,,,,,,
ERZİNCAN,2025,ERZİNCAN,"36,1","35,4","36,8",,,,,,,,,,,,,,,
ERZİNCAN,2024,ERZİNCAN,"35,6","34,9","36,4",,,,,,,,,,,,,,,
ERZİNCAN,2023,ERZİNCAN,"35,1","34,2","36,0",,,,,,,,,,,,,,,
ERZİNCAN,2022,ERZİNCAN,"34,4","33,7","35,1",,,,,,,,,,,,,,,
ERZİNCAN,2021,ERZİNCAN,"33,7","32,8","34,7",,,,,,,,,,,,,,,
ERZİNCAN,2020,ERZİNCAN,"33,7","32,7","34,7",,,,,,,,,,,,,,,
ERZİNCAN,2019,ERZİNCAN,"33,2","32,3","34,2",,,,,,,,,,,,,,,
ERZİNCAN,2018,ERZİNCAN,"32,8","31,7","33,9",,,,,,,,,,,,,,,
ERZİNCAN,2017,ERZİNCAN,"31,6","30,4","32,9",,,,,,,,,,,,,,,
ERZİNCAN,2016,ERZİNCAN,"32,1","31,3","33,0",,,,,,,,,,,,,,,
ERZİNCAN,2015,ERZİNCAN,"31,8","30,8","32,8",,,,,,,,,,,,,,,
ERZİNCAN,2014,ERZİNCAN,"31,7","30,8","32,6",,,,,,,,,,,,,,,
ERZİNCAN,2013,ERZİNCAN,"31,0","30,0","32,0",,,,,,,,,,,,,,,
ERZİNCAN,2012,ERZİNCAN,"30,7","29,7","31,8",,,,,,,,,,,,,,,
ERZİNCAN,2011,ERZİNCAN,"30,7","29,6","31,9",,,,,,,,,,,,,,,
ERZİNCAN,2010,ERZİNCAN,"28,8","26,8","31,3",,,,,,,,,,,,,,,
ERZİNCAN,2009,ERZİNCAN,"29,4","28,2","30,7",,,,,,,,,,,,,,,
ERZİNCAN,2008,ERZİNCAN,"29,3","28,1","30,5",,,,,,,,,,,,,,,
ERZİNCAN,2007,ERZİNCAN,"28,2","26,8","29,9",,,,,,,,,,,,,,,
ERZİNCAN,2000,ERZİNCAN,"24,6","24,1","25,5",,,,,,,,,,,,,,,
ERZİNCAN,1990,ERZİNCAN,"22,2","22,2","22,4",,,,,,,,,,,,,,,
ERZİNCAN,1985,ERZİNCAN,"20,7","20,8","20,4",,,,,,,,,,,,,,,
ERZURUM,2025,ERZURUM,"31,5","31,2","31,7",,,,,,,,,,,,,,,
ERZURUM,2024,ERZURUM,"30,8","30,5","31,1",,,,,,,,,,,,,,,
ERZURUM,2023,ERZURUM,"30,2","30,0","30,4",,,,,,,,,,,,,,,
ERZURUM,2022,ERZURUM,"29,6","29,3","29,8",,,,,,,,,,,,,,,
ERZURUM,2021,ERZURUM,"29,0","28,7","29,3",,,,,,,,,,,,,,,
ERZURUM,2020,ERZURUM,"28,6","28,2","29,0",,,,,,,,,,,,,,,
ERZURUM,2019,ERZURUM,"28,0","27,7","28,3",,,,,,,,,,,,,,,
ERZURUM,2018,ERZURUM,"27,7","27,3","28,1",,,,,,,,,,,,,,,
ERZURUM,2017,ERZURUM,"27,1","26,8","27,5",,,,,,,,,,,,,,,
ERZURUM,2016,ERZURUM,"26,9","26,4","27,3",,,,,,,,,,,,,,,
ERZURUM,2015,ERZURUM,"26,6","26,1","27,1",,,,,,,,,,,,,,,
ERZURUM,2014,ERZURUM,"26,6","25,9","27,2",,,,,,,,,,,,,,,
ERZURUM,2013,ERZURUM,"26,0","25,6","26,4",,,,,,,,,,,,,,,
ERZURUM,2012,ERZURUM,"25,5","25,0","26,0",,,,,,,,,,,,,,,
ERZURUM,2011,ERZURUM,"25,2","24,7","25,7",,,,,,,,,,,,,,,
ERZURUM,2010,ERZURUM,"25,1","24,7","25,4",,,,,,,,,,,,,,,
ERZURUM,2009,ERZURUM,"24,5","24,1","24,9",,,,,,,,,,,,,,,
ERZURUM,2008,ERZURUM,"24,4","23,8","25,0",,,,,,,,,,,,,,,
ERZURUM,2007,ERZURUM,"24,2","23,7","24,7",,,,,,,,,,,,,,,
ERZURUM,2000,ERZURUM,"21,4","21,2","21,6",,,,,,,,,,,,,,,
ERZURUM,1990,ERZURUM,"18,9","18,8","19,0",,,,,,,,,,,,,,,
ERZURUM,1985,ERZURUM,"18,0","17,9","18,1",,,,,,,,,,,,,,,
ESKİŞEHİR,2025,ESKİŞEHİR,"38,6","37,3","40,0",,,,,,,,,,,,,,,
ESKİŞEHİR,2024,ESKİŞEHİR,"38,2","37,0","39,4",,,,,,,,,,,,,,,
ESKİŞEHİR,2023,ESKİŞEHİR,"37,8","36,6","39,0",,,,,,,,,,,,,,,
ESKİŞEHİR,2022,ESKİŞEHİR,"37,4","36,2","38,7",,,,,,,,,,,,,,,
ESKİŞEHİR,2021,ESKİŞEHİR,"37,2","36,0","38,4",,,,,,,,,,,,,,,
ESKİŞEHİR,2020,ESKİŞEHİR,"36,9","35,7","38,1",,,,,,,,,,,,,,,
ESKİŞEHİR,2019,ESKİŞEHİR,"36,4","35,2","37,6",,,,,,,,,,,,,,,
ESKİŞEHİR,2018,ESKİŞEHİR,"36,0","35,0","37,1",,,,,,,,,,,,,,,
ESKİŞEHİR,2017,ESKİŞEHİR,"35,8","34,7","36,8",,,,,,,,,,,,,,,
ESKİŞEHİR,2016,ESKİŞEHİR,"35,5","34,5","36,6",,,,,,,,,,,,,,,
ESKİŞEHİR,2015,ESKİŞEHİR,"35,3","34,2","36,4",,,,,,,,,,,,,,,
ESKİŞEHİR,2014,ESKİŞEHİR,"34,9","33,9","35,9",,,,,,,,,,,,,,,
ESKİŞEHİR,2013,ESKİŞEHİR,"34,6","33,6","35,7",,,,,,,,,,,,,,,
ESKİŞEHİR,2012,ESKİŞEHİR,"34,3","33,3","35,3",,,,,,,,,,,,,,,
ESKİŞEHİR,2011,ESKİŞEHİR,"33,9","33,0","34,8",,,,,,,,,,,,,,,
ESKİŞEHİR,2010,ESKİŞEHİR,"33,7","33,0","34,4",,,,,,,,,,,,,,,
ESKİŞEHİR,2009,ESKİŞEHİR,"33,2","32,3","34,0",,,,,,,,,,,,,,,
ESKİŞEHİR,2008,ESKİŞEHİR,"32,9","32,1","33,8",,,,,,,,,,,,,,,
ESKİŞEHİR,2007,ESKİŞEHİR,"32,8","31,9","33,6",,,,,,,,,,,,,,,
ESKİŞEHİR,2000,ESKİŞEHİR,"29,4","29,0","29,9",,,,,,,,,,,,,,,
ESKİŞEHİR,1990,ESKİŞEHİR,"26,3","26,1","26,4",,,,,,,,,,,,,,,
ESKİŞEHİR,1985,ESKİŞEHİR,"24,4","24,3","24,5",,,,,,,,,,,,,,,
GAZİANTEP,2025,GAZİANTEP,"27,5","27,2","27,8",,,,,,,,,,,,,,,
GAZİANTEP,2024,GAZİANTEP,"27,0","26,7","27,4",,,,,,,,,,,,,,,
GAZİANTEP,2023,GAZİANTEP,"26,6","26,3","26,9",,,,,,,,,,,,,,,
GAZİANTEP,2022,GAZİANTEP,"26,2","25,8","26,5",,,,,,,,,,,,,,,
GAZİANTEP,2021,GAZİANTEP,"25,9","25,6","26,1",,,,,,,,,,,,,,,
GAZİANTEP,2020,GAZİANTEP,"25,5","25,2","25,8",,,,,,,,,,,,,,,
GAZİANTEP,2019,GAZİANTEP,"25,3","25,0","25,6",,,,,,,,,,,,,,,
GAZİANTEP,2018,GAZİANTEP,"25,0","24,7","25,2",,,,,,,,,,,,,,,
GAZİANTEP,2017,GAZİANTEP,"24,7","24,5","24,9",,,,,,,,,,,,,,,
GAZİANTEP,2016,GAZİANTEP,"24,5","24,3","24,7",,,,,,,,,,,,,,,
GAZİANTEP,2015,GAZİANTEP,"24,3","24,0","24,5",,,,,,,,,,,,,,,
GAZİANTEP,2014,GAZİANTEP,"24,1","23,8","24,4",,,,,,,,,,,,,,,
GAZİANTEP,2013,GAZİANTEP,"23,9","23,6","24,2",,,,,,,,,,,,,,,
GAZİANTEP,2012,GAZİANTEP,"23,8","23,4","24,1",,,,,,,,,,,,,,,
GAZİANTEP,2011,GAZİANTEP,"23,6","23,3","23,8",,,,,,,,,,,,,,,
GAZİANTEP,2010,GAZİANTEP,"23,3","23,0","23,6",,,,,,,,,,,,,,,
GAZİANTEP,2009,GAZİANTEP,"23,0","22,6","23,3",,,,,,,,,,,,,,,
GAZİANTEP,2008,GAZİANTEP,"22,9","22,5","23,3",,,,,,,,,,,,,,,
GAZİANTEP,2007,GAZİANTEP,"22,9","22,4","23,4",,,,,,,,,,,,,,,
GAZİANTEP,2000,GAZİANTEP,"20,3","19,8","20,9",,,,,,,,,,,,,,,
GAZİANTEP,1990,GAZİANTEP,"18,3","17,9","18,7",,,,,,,,,,,,,,,
GAZİANTEP,1985,GAZİANTEP,"17,3","16,9","17,8",,,,,,,,,,,,,,,
GİRESUN,2025,GİRESUN,"43,5","42,5","44,5",,,,,,,,,,,,,,,
GİRESUN,2024,GİRESUN,"42,9","41,9","43,9",,,,,,,,,,,,,,,
GİRESUN,2023,GİRESUN,"42,4","41,5","43,4",,,,,,,,,,,,,,,
GİRESUN,2022,GİRESUN,"41,6","40,5","42,6",,,,,,,,,,,,,,,
GİRESUN,2021,GİRESUN,"41,0","40,0","42,0",,,,,,,,,,,,,,,
GİRESUN,2020,GİRESUN,"40,4","39,4","41,5",,,,,,,,,,,,,,,
GİRESUN,2019,GİRESUN,"39,9","38,9","41,0",,,,,,,,,,,,,,,
GİRESUN,2018,GİRESUN,"39,6","38,7","40,7",,,,,,,,,,,,,,,
GİRESUN,2017,GİRESUN,"38,6","37,6","39,6",,,,,,,,,,,,,,,
GİRESUN,2016,GİRESUN,"38,1","37,2","39,1",,,,,,,,,,,,,,,
GİRESUN,2015,GİRESUN,"37,9","36,8","39,0",,,,,,,,,,,,,,,
GİRESUN,2014,GİRESUN,"37,7","36,6","38,7",,,,,,,,,,,,,,,
GİRESUN,2013,GİRESUN,"36,8","35,8","37,8",,,,,,,,,,,,,,,
GİRESUN,2012,GİRESUN,"35,9","35,0","36,9",,,,,,,,,,,,,,,
GİRESUN,2011,GİRESUN,"35,2","34,3","36,3",,,,,,,,,,,,,,,
GİRESUN,2010,GİRESUN,"34,7","33,8","35,6",,,,,,,,,,,,,,,
GİRESUN,2009,GİRESUN,"33,7","32,7","34,9",,,,,,,,,,,,,,,
GİRESUN,2008,GİRESUN,"33,2","32,2","34,3",,,,,,,,,,,,,,,
GİRESUN,2007,GİRESUN,"32,4","31,4","33,5",,,,,,,,,,,,,,,
GİRESUN,2000,GİRESUN,"27,4","26,8","28,0",,,,,,,,,,,,,,,
GİRESUN,1990,GİRESUN,"23,3","22,9","23,7",,,,,,,,,,,,,,,
GİRESUN,1985,GİRESUN,"20,1","19,2","21,0",,,,,,,,,,,,,,,
GÜMÜŞHANE,2025,GÜMÜŞHANE,"37,3","37,5","37,0",,,,,,,,,,,,,,,
GÜMÜŞHANE,2024,GÜMÜŞHANE,"36,7","36,8","36,5",,,,,,,,,,,,,,,
GÜMÜŞHANE,2023,GÜMÜŞHANE,"36,1","36,2","36,1",,,,,,,,,,,,,,,
GÜMÜŞHANE,2022,GÜMÜŞHANE,"34,9","35,0","34,7",,,,,,,,,,,,,,,
GÜMÜŞHANE,2021,GÜMÜŞHANE,"33,9","34,0","33,8",,,,,,,,,,,,,,,
GÜMÜŞHANE,2020,GÜMÜŞHANE,"34,5","34,2","34,9",,,,,,,,,,,,,,,
GÜMÜŞHANE,2019,GÜMÜŞHANE,"32,5","32,6","32,5",,,,,,,,,,,,,,,
GÜMÜŞHANE,2018,GÜMÜŞHANE,"32,5","32,4","32,7",,,,,,,,,,,,,,,
GÜMÜŞHANE,2017,GÜMÜŞHANE,"31,0","30,9","31,1",,,,,,,,,,,,,,,
GÜMÜŞHANE,2016,GÜMÜŞHANE,"30,6","30,3","30,9",,,,,,,,,,,,,,,
GÜMÜŞHANE,2015,GÜMÜŞHANE,"30,6","30,0","31,2",,,,,,,,,,,,,,,
GÜMÜŞHANE,2014,GÜMÜŞHANE,"30,6","29,9","31,5",,,,,,,,,,,,,,,
GÜMÜŞHANE,2013,GÜMÜŞHANE,"30,6","29,8","31,5",,,,,,,,,,,,,,,
GÜMÜŞHANE,2012,GÜMÜŞHANE,"30,5","29,6","31,4",,,,,,,,,,,,,,,
GÜMÜŞHANE,2011,GÜMÜŞHANE,"30,4","29,6","31,5",,,,,,,,,,,,,,,
GÜMÜŞHANE,2010,GÜMÜŞHANE,"30,3","29,5","31,2",,,,,,,,,,,,,,,
GÜMÜŞHANE,2009,GÜMÜŞHANE,"29,5","28,7","30,4",,,,,,,,,,,,,,,
GÜMÜŞHANE,2008,GÜMÜŞHANE,"29,2","28,5","30,1",,,,,,,,,,,,,,,
GÜMÜŞHANE,2007,GÜMÜŞHANE,"28,5","27,7","29,4",,,,,,,,,,,,,,,
GÜMÜŞHANE,2000,GÜMÜŞHANE,"24,2","23,8","24,7",,,,,,,,,,,,,,,
GÜMÜŞHANE,1990,GÜMÜŞHANE,"20,7","19,9","21,5",,,,,,,,,,,,,,,
GÜMÜŞHANE,1985,GÜMÜŞHANE,"18,8","17,5","19,8",,,,,,,,,,,,,,,
HAKKARİ,2025,HAKKARİ,"26,8","26,6","27,2",,,,,,,,,,,,,,,
HAKKARİ,2024,HAKKARİ,"26,3","26,1","26,6",,,,,,,,,,,,,,,
HAKKARİ,2023,HAKKARİ,"25,9","25,8","26,1",,,,,,,,,,,,,,,
HAKKARİ,2022,HAKKARİ,"25,1","24,9","25,3",,,,,,,,,,,,,,,
HAKKARİ,2021,HAKKARİ,"24,6","24,5","24,8",,,,,,,,,,,,,,,
HAKKARİ,2020,HAKKARİ,"24,2","24,1","24,2",,,,,,,,,,,,,,,
HAKKARİ,2019,HAKKARİ,"23,8","23,8","23,7",,,,,,,,,,,,,,,
HAKKARİ,2018,HAKKARİ,"23,4","23,6","23,1",,,,,,,,,,,,,,,
HAKKARİ,2017,HAKKARİ,"22,8","22,9","22,5",,,,,,,,,,,,,,,
HAKKARİ,2016,HAKKARİ,"22,3","22,5","22,0",,,,,,,,,,,,,,,
HAKKARİ,2015,HAKKARİ,"22,1","22,4","21,6",,,,,,,,,,,,,,,
HAKKARİ,2014,HAKKARİ,"21,7","22,0","21,2",,,,,,,,,,,,,,,
HAKKARİ,2013,HAKKARİ,"21,4","21,7","20,7",,,,,,,,,,,,,,,
HAKKARİ,2012,HAKKARİ,"21,2","21,6","20,2",,,,,,,,,,,,,,,
HAKKARİ,2011,HAKKARİ,"20,8","21,3","19,8",,,,,,,,,,,,,,,
HAKKARİ,2010,HAKKARİ,"19,4","19,5","19,3",,,,,,,,,,,,,,,
HAKKARİ,2009,HAKKARİ,"19,7","20,3","18,9",,,,,,,,,,,,,,,
HAKKARİ,2008,HAKKARİ,"19,8","20,4","18,7",,,,,,,,,,,,,,,
HAKKARİ,2007,HAKKARİ,"19,0","19,5","18,4",,,,,,,,,,,,,,,
HAKKARİ,2000,HAKKARİ,"17,3","18,3","16,1",,,,,,,,,,,,,,,
HAKKARİ,1990,HAKKARİ,"15,0","15,8","14,2",,,,,,,,,,,,,,,
HAKKARİ,1985,HAKKARİ,"14,8","15,4","14,1",,,,,,,,,,,,,,,
HATAY,2025,HATAY,"32,2","31,5","32,8",,,,,,,,,,,,,,,
HATAY,2024,HATAY,"31,8","31,1","32,5",,,,,,,,,,,,,,,
HATAY,2023,HATAY,"31,4","30,7","32,0",,,,,,,,,,,,,,,
HATAY,2022,HATAY,"30,6","30,0","31,3",,,,,,,,,,,,,,,
HATAY,2021,HATAY,"30,3","29,6","30,9",,,,,,,,,,,,,,,
HATAY,2020,HATAY,"29,8","29,2","30,4",,,,,,,,,,,,,,,
HATAY,2019,HATAY,"29,7","29,1","30,3",,,,,,,,,,,,,,,
HATAY,2018,HATAY,"29,3","28,7","30,0",,,,,,,,,,,,,,,
HATAY,2017,HATAY,"29,1","28,4","29,8",,,,,,,,,,,,,,,
HATAY,2016,HATAY,"28,8","28,0","29,5",,,,,,,,,,,,,,,
HATAY,2015,HATAY,"28,4","27,6","29,2",,,,,,,,,,,,,,,
HATAY,2014,HATAY,"28,0","27,2","28,8",,,,,,,,,,,,,,,
HATAY,2013,HATAY,"27,7","26,9","28,5",,,,,,,,,,,,,,,
HATAY,2012,HATAY,"27,5","26,8","28,2",,,,,,,,,,,,,,,
HATAY,2011,HATAY,"27,2","26,5","27,8",,,,,,,,,,,,,,,
HATAY,2010,HATAY,"26,4","25,5","27,4",,,,,,,,,,,,,,,
HATAY,2009,HATAY,"26,4","25,7","27,0",,,,,,,,,,,,,,,
HATAY,2008,HATAY,"26,2","25,6","26,8",,,,,,,,,,,,,,,
HATAY,2007,HATAY,"25,9","25,2","26,6",,,,,,,,,,,,,,,
HATAY,2000,HATAY,"22,5","21,9","23,2",,,,,,,,,,,,,,,
HATAY,1990,HATAY,"19,1","18,7","19,4",,,,,,,,,,,,,,,
HATAY,1985,HATAY,"17,8","17,5","18,1",,,,,,,,,,,,,,,
IĞDIR,2025,IĞDIR,"28,7","28,5","28,9",,,,,,,,,,,,,,,
IĞDIR,2024,IĞDIR,"28,0","27,8","28,3",,,,,,,,,,,,,,,
IĞDIR,2023,IĞDIR,"27,6","27,5","27,7",,,,,,,,,,,,,,,
IĞDIR,2022,IĞDIR,"27,0","26,9","27,2",,,,,,,,,,,,,,,
IĞDIR,2021,IĞDIR,"26,6","26,3","26,9",,,,,,,,,,,,,,,
IĞDIR,2020,IĞDIR,"25,9","25,6","26,3",,,,,,,,,,,,,,,
IĞDIR,2019,IĞDIR,"25,7","25,4","25,9",,,,,,,,,,,,,,,
IĞDIR,2018,IĞDIR,"25,1","24,8","25,5",,,,,,,,,,,,,,,
IĞDIR,2017,IĞDIR,"24,7","24,4","25,1",,,,,,,,,,,,,,,
IĞDIR,2016,IĞDIR,"24,4","24,1","24,8",,,,,,,,,,,,,,,
IĞDIR,2015,IĞDIR,"24,1","23,8","24,5",,,,,,,,,,,,,,,
IĞDIR,2014,IĞDIR,"23,8","23,6","24,2",,,,,,,,,,,,,,,
IĞDIR,2013,IĞDIR,"23,6","23,3","23,9",,,,,,,,,,,,,,,
IĞDIR,2012,IĞDIR,"23,3","23,1","23,6",,,,,,,,,,,,,,,
IĞDIR,2011,IĞDIR,"23,0","22,8","23,3",,,,,,,,,,,,,,,
IĞDIR,2010,IĞDIR,"22,8","22,6","22,9",,,,,,,,,,,,,,,
IĞDIR,2009,IĞDIR,"22,5","22,4","22,7",,,,,,,,,,,,,,,
IĞDIR,2008,IĞDIR,"22,5","22,3","22,7",,,,,,,,,,,,,,,
IĞDIR,2007,IĞDIR,"22,3","22,0","22,6",,,,,,,,,,,,,,,
IĞDIR,2000,IĞDIR,"19,8","20,0","19,5",,,,,,,,,,,,,,,
ISPARTA,2025,ISPARTA,"38,9","37,9","39,9",,,,,,,,,,,,,,,
ISPARTA,2024,ISPARTA,"38,2","37,3","39,2",,,,,,,,,,,,,,,
ISPARTA,2023,ISPARTA,"37,5","36,4","38,6",,,,,,,,,,,,,,,
ISPARTA,2022,ISPARTA,"37,1","36,2","38,1",,,,,,,,,,,,,,,
ISPARTA,2021,ISPARTA,"36,6","35,5","37,6",,,,,,,,,,,,,,,
ISPARTA,2020,ISPARTA,"36,3","35,3","37,5",,,,,,,,,,,,,,,
ISPARTA,2019,ISPARTA,"35,5","34,4","36,6",,,,,,,,,,,,,,,
ISPARTA,2018,ISPARTA,"35,2","34,1","36,3",,,,,,,,,,,,,,,
ISPARTA,2017,ISPARTA,"35,0","33,4","36,5",,,,,,,,,,,,,,,
ISPARTA,2016,ISPARTA,"35,1","33,9","36,2",,,,,,,,,,,,,,,
ISPARTA,2015,ISPARTA,"34,8","33,7","36,0",,,,,,,,,,,,,,,
ISPARTA,2014,ISPARTA,"34,5","33,4","35,7",,,,,,,,,,,,,,,
ISPARTA,2013,ISPARTA,"34,0","32,9","35,1",,,,,,,,,,,,,,,
ISPARTA,2012,ISPARTA,"33,6","32,5","34,6",,,,,,,,,,,,,,,
ISPARTA,2011,ISPARTA,"33,5","32,4","34,6",,,,,,,,,,,,,,,
ISPARTA,2010,ISPARTA,"30,1","26,9","34,0",,,,,,,,,,,,,,,
ISPARTA,2009,ISPARTA,"31,5","29,7","33,3",,,,,,,,,,,,,,,
ISPARTA,2008,ISPARTA,"31,8","30,6","33,1",,,,,,,,,,,,,,,
ISPARTA,2007,ISPARTA,"30,0","28,0","32,6",,,,,,,,,,,,,,,
ISPARTA,2000,ISPARTA,"26,3","25,3","27,5",,,,,,,,,,,,,,,
ISPARTA,1990,ISPARTA,"24,6","24,0","25,5",,,,,,,,,,,,,,,
ISPARTA,1985,ISPARTA,"23,2","22,8","23,7",,,,,,,,,,,,,,,
İSTANBUL,2025,İSTANBUL,"35,0","34,3","35,6",,,,,,,,,,,,,,,
İSTANBUL,2024,İSTANBUL,"34,5","33,9","35,2",,,,,,,,,,,,,,,
İSTANBUL,2023,İSTANBUL,"34,0","33,4","34,7",,,,,,,,,,,,,,,
İSTANBUL,2022,İSTANBUL,"33,7","33,1","34,3",,,,,,,,,,,,,,,
İSTANBUL,2021,İSTANBUL,"33,4","32,8","34,0",,,,,,,,,,,,,,,
İSTANBUL,2020,İSTANBUL,"33,2","32,7","33,8",,,,,,,,,,,,,,,
İSTANBUL,2019,İSTANBUL,"32,8","32,3","33,3",,,,,,,,,,,,,,,
İSTANBUL,2018,İSTANBUL,"32,5","32,0","32,9",,,,,,,,,,,,,,,
İSTANBUL,2017,İSTANBUL,"32,3","31,9","32,7",,,,,,,,,,,,,,,
İSTANBUL,2016,İSTANBUL,"31,9","31,5","32,3",,,,,,,,,,,,,,,
İSTANBUL,2015,İSTANBUL,"31,5","31,1","31,9",,,,,,,,,,,,,,,
İSTANBUL,2014,İSTANBUL,"31,2","30,8","31,5",,,,,,,,,,,,,,,
İSTANBUL,2013,İSTANBUL,"30,9","30,6","31,3",,,,,,,,,,,,,,,
İSTANBUL,2012,İSTANBUL,"30,7","30,4","31,0",,,,,,,,,,,,,,,
İSTANBUL,2011,İSTANBUL,"30,4","30,1","30,7",,,,,,,,,,,,,,,
İSTANBUL,2010,İSTANBUL,"30,0","29,7","30,2",,,,,,,,,,,,,,,
İSTANBUL,2009,İSTANBUL,"29,5","29,2","29,8",,,,,,,,,,,,,,,
İSTANBUL,2008,İSTANBUL,"29,2","28,9","29,5",,,,,,,,,,,,,,,
İSTANBUL,2007,İSTANBUL,"29,2","28,9","29,5",,,,,,,,,,,,,,,
İSTANBUL,2000,İSTANBUL,"26,3","25,9","26,6",,,,,,,,,,,,,,,
İSTANBUL,1990,İSTANBUL,"24,6","24,2","24,9",,,,,,,,,,,,,,,
İSTANBUL,1985,İSTANBUL,"23,9","23,6","24,3",,,,,,,,,,,,,,,
İZMİR,2025,İZMİR,"39,5","38,3","40,6",,,,,,,,,,,,,,,
İZMİR,2024,İZMİR,"39,0","37,9","40,0",,,,,,,,,,,,,,,
İZMİR,2023,İZMİR,"38,4","37,4","39,5",,,,,,,,,,,,,,,
İZMİR,2022,İZMİR,"38,0","36,9","39,0",,,,,,,,,,,,,,,
İZMİR,2021,İZMİR,"37,6","36,6","38,6",,,,,,,,,,,,,,,
İZMİR,2020,İZMİR,"37,2","36,3","38,2",,,,,,,,,,,,,,,
İZMİR,2019,İZMİR,"36,8","35,9","37,7",,,,,,,,,,,,,,,
İZMİR,2018,İZMİR,"36,4","35,6","37,3",,,,,,,,,,,,,,,
İZMİR,2017,İZMİR,"36,1","35,3","36,9",,,,,,,,,,,,,,,
İZMİR,2016,İZMİR,"35,7","35,0","36,5",,,,,,,,,,,,,,,
İZMİR,2015,İZMİR,"35,3","34,5","36,1",,,,,,,,,,,,,,,
İZMİR,2014,İZMİR,"34,9","34,1","35,7",,,,,,,,,,,,,,,
İZMİR,2013,İZMİR,"34,4","33,7","35,2",,,,,,,,,,,,,,,
İZMİR,2012,İZMİR,"34,1","33,4","34,8",,,,,,,,,,,,,,,
İZMİR,2011,İZMİR,"33,7","33,0","34,4",,,,,,,,,,,,,,,
İZMİR,2010,İZMİR,"33,1","32,2","34,0",,,,,,,,,,,,,,,
İZMİR,2009,İZMİR,"32,8","32,1","33,5",,,,,,,,,,,,,,,
İZMİR,2008,İZMİR,"32,4","31,8","33,1",,,,,,,,,,,,,,,
İZMİR,2007,İZMİR,"32,1","31,4","32,9",,,,,,,,,,,,,,,
İZMİR,2000,İZMİR,"28,8","28,1","29,4",,,,,,,,,,,,,,,
İZMİR,1990,İZMİR,"26,1","25,6","26,6",,,,,,,,,,,,,,,
İZMİR,1985,İZMİR,"25,0","24,6","25,4",,,,,,,,,,,,,,,
KAHRAMANMARAŞ,2025,KAHRAMANMARAŞ,"31,9","31,6","32,2",,,,,,,,,,,,,,,
KAHRAMANMARAŞ,2024,KAHRAMANMARAŞ,"31,4","31,1","31,7",,,,,,,,,,,,,,,
KAHRAMANMARAŞ,2023,KAHRAMANMARAŞ,"31,0","30,7","31,3",,,,,,,,,,,,,,,
KAHRAMANMARAŞ,2022,KAHRAMANMARAŞ,"30,1","29,8","30,5",,,,,,,,,,,,,,,
KAHRAMANMARAŞ,2021,KAHRAMANMARAŞ,"29,6","29,4","29,9",,,,,,,,,,,,,,,
KAHRAMANMARAŞ,2020,KAHRAMANMARAŞ,"29,1","28,9","29,3",,,,,,,,,,,,,,,
KAHRAMANMARAŞ,2019,KAHRAMANMARAŞ,"28,9","28,6","29,1",,,,,,,,,,,,,,,
KAHRAMANMARAŞ,2018,KAHRAMANMARAŞ,"28,5","28,2","28,7",,,,,,,,,,,,,,,
KAHRAMANMARAŞ,2017,KAHRAMANMARAŞ,"28,0","27,8","28,3",,,,,,,,,,,,,,,
KAHRAMANMARAŞ,2016,KAHRAMANMARAŞ,"27,7","27,4","28,0",,,,,,,,,,,,,,,
KAHRAMANMARAŞ,2015,KAHRAMANMARAŞ,"27,4","27,1","27,6",,,,,,,,,,,,,,,
KAHRAMANMARAŞ,2014,KAHRAMANMARAŞ,"27,0","26,8","27,3",,,,,,,,,,,,,,,
KAHRAMANMARAŞ,2013,KAHRAMANMARAŞ,"26,7","26,5","26,9",,,,,,,,,,,,,,,
KAHRAMANMARAŞ,2012,KAHRAMANMARAŞ,"26,4","26,3","26,6",,,,,,,,,,,,,,,
KAHRAMANMARAŞ,2011,KAHRAMANMARAŞ,"26,2","26,1","26,3",,,,,,,,,,,,,,,
KAHRAMANMARAŞ,2010,KAHRAMANMARAŞ,"25,8","25,8","25,9",,,,,,,,,,,,,,,
KAHRAMANMARAŞ,2009,KAHRAMANMARAŞ,"25,4","25,2","25,5",,,,,,,,,,,,,,,
KAHRAMANMARAŞ,2008,KAHRAMANMARAŞ,"25,0","24,9","25,2",,,,,,,,,,,,,,,
KAHRAMANMARAŞ,2007,KAHRAMANMARAŞ,"24,9","24,7","25,1",,,,,,,,,,,,,,,
KAHRAMANMARAŞ,2000,KAHRAMANMARAŞ,"21,2","20,9","21,5",,,,,,,,,,,,,,,
KAHRAMANMARAŞ,1990,KAHRAMANMARAŞ,"18,1","17,8","18,5",,,,,,,,,,,,,,,
KAHRAMANMARAŞ,1985,KAHRAMANMARAŞ,"16,9","16,6","17,3",,,,,,,,,,,,,,,
KARABÜK,2025,KARABÜK,"39,5","37,6","41,4",,,,,,,,,,,,,,,
KARABÜK,2024,KARABÜK,"38,9","37,3","40,7",,,,,,,,,,,,,,,
KARABÜK,2023,KARABÜK,"37,9","36,3","39,6",,,,,,,,,,,,,,,
KARABÜK,2022,KARABÜK,"37,2","35,8","38,7",,,,,,,,,,,,,,,
KARABÜK,2021,KARABÜK,"37,0","35,7","38,5",,,,,,,,,,,,,,,
KARABÜK,2020,KARABÜK,"37,4","36,0","38,9",,,,,,,,,,,,,,,
KARABÜK,2019,KARABÜK,"36,3","34,9","37,6",,,,,,,,,,,,,,,
KARABÜK,2018,KARABÜK,"35,9","34,4","37,4",,,,,,,,,,,,,,,
KARABÜK,2017,KARABÜK,"35,4","33,8","37,0",,,,,,,,,,,,,,,
KARABÜK,2016,KARABÜK,"35,1","33,4","36,7",,,,,,,,,,,,,,,
KARABÜK,2015,KARABÜK,"35,2","33,5","36,9",,,,,,,,,,,,,,,
KARABÜK,2014,KARABÜK,"35,3","33,4","37,2",,,,,,,,,,,,,,,
KARABÜK,2013,KARABÜK,"34,9","33,0","36,9",,,,,,,,,,,,,,,
KARABÜK,2012,KARABÜK,"35,1","33,4","36,7",,,,,,,,,,,,,,,
KARABÜK,2011,KARABÜK,"35,3","33,7","36,9",,,,,,,,,,,,,,,
KARABÜK,2010,KARABÜK,"33,7","31,0","36,3",,,,,,,,,,,,,,,
KARABÜK,2009,KARABÜK,"34,5","33,1","35,8",,,,,,,,,,,,,,,
KARABÜK,2008,KARABÜK,"34,4","33,3","35,3",,,,,,,,,,,,,,,
KARABÜK,2007,KARABÜK,"33,4","31,8","34,8",,,,,,,,,,,,,,,
KARABÜK,2000,KARABÜK,"29,4","28,9","29,9",,,,,,,,,,,,,,,
KARAMAN,2025,KARAMAN,"35,6","35,2","36,1",,,,,,,,,,,,,,,
KARAMAN,2024,KARAMAN,"35,1","34,7","35,5",,,,,,,,,,,,,,,
KARAMAN,2023,KARAMAN,"34,5","34,1","34,9",,,,,,,,,,,,,,,
KARAMAN,2022,KARAMAN,"34,0","33,6","34,4",,,,,,,,,,,,,,,
KARAMAN,2021,KARAMAN,"33,6","33,1","34,0",,,,,,,,,,,,,,,
KARAMAN,2020,KARAMAN,"33,3","32,8","33,9",,,,,,,,,,,,,,,
KARAMAN,2019,KARAMAN,"33,0","32,6","33,4",,,,,,,,,,,,,,,
KARAMAN,2018,KARAMAN,"32,7","32,3","33,1",,,,,,,,,,,,,,,
KARAMAN,2017,KARAMAN,"32,5","32,0","33,0",,,,,,,,,,,,,,,
KARAMAN,2016,KARAMAN,"32,0","31,7","32,4",,,,,,,,,,,,,,,
KARAMAN,2015,KARAMAN,"31,7","31,3","32,2",,,,,,,,,,,,,,,
KARAMAN,2014,KARAMAN,"31,4","30,8","31,9",,,,,,,,,,,,,,,
KARAMAN,2013,KARAMAN,"31,0","30,5","31,4",,,,,,,,,,,,,,,
KARAMAN,2012,KARAMAN,"30,6","30,2","31,1",,,,,,,,,,,,,,,
KARAMAN,2011,KARAMAN,"30,3","29,8","30,8",,,,,,,,,,,,,,,
KARAMAN,2010,KARAMAN,"29,8","29,4","30,2",,,,,,,,,,,,,,,
KARAMAN,2009,KARAMAN,"29,1","28,6","29,7",,,,,,,,,,,,,,,
KARAMAN,2008,KARAMAN,"28,9","28,3","29,5",,,,,,,,,,,,,,,
KARAMAN,2007,KARAMAN,"28,6","28,1","29,2",,,,,,,,,,,,,,,
KARAMAN,2000,KARAMAN,"25,1","24,8","25,3",,,,,,,,,,,,,,,
KARAMAN,1990,KARAMAN,"21,9","21,2","22,4",,,,,,,,,,,,,,,
KARS,2025,KARS,"30,4","30,3","30,5",,,,,,,,,,,,,,,
KARS,2024,KARS,"29,7","29,6","29,8",,,,,,,,,,,,,,,
KARS,2023,KARS,"29,0","28,9","29,2",,,,,,,,,,,,,,,
KARS,2022,KARS,"28,7","28,7","28,6",,,,,,,,,,,,,,,
KARS,2021,KARS,"28,0","27,9","28,1",,,,,,,,,,,,,,,
KARS,2020,KARS,"27,8","27,8","27,8",,,,,,,,,,,,,,,
KARS,2019,KARS,"27,1","27,1","27,2",,,,,,,,,,,,,,,
KARS,2018,KARS,"26,5","26,3","26,8",,,,,,,,,,,,,,,
KARS,2017,KARS,"26,1","25,7","26,6",,,,,,,,,,,,,,,
KARS,2016,KARS,"25,8","25,5","26,2",,,,,,,,,,,,,,,
KARS,2015,KARS,"25,4","25,0","26,0",,,,,,,,,,,,,,,
KARS,2014,KARS,"25,3","24,9","25,6",,,,,,,,,,,,,,,
KARS,2013,KARS,"24,9","24,7","25,3",,,,,,,,,,,,,,,
KARS,2012,KARS,"24,6","24,3","25,0",,,,,,,,,,,,,,,
KARS,2011,KARS,"24,4","24,2","24,8",,,,,,,,,,,,,,,
KARS,2010,KARS,"24,5","24,3","24,6",,,,,,,,,,,,,,,
KARS,2009,KARS,"24,0","23,8","24,4",,,,,,,,,,,,,,,
KARS,2008,KARS,"23,9","23,5","24,5",,,,,,,,,,,,,,,
KARS,2007,KARS,"23,9","23,6","24,4",,,,,,,,,,,,,,,
KARS,2000,KARS,"21,5","21,6","21,2",,,,,,,,,,,,,,,
KARS,1990,KARS,"18,5","18,6","18,5",,,,,,,,,,,,,,,
KARS,1985,KARS,"17,3","17,2","17,5",,,,,,,,,,,,,,,
KASTAMONU,2025,KASTAMONU,"43,3","42,0","44,6",,,,,,,,,,,,,,,
KASTAMONU,2024,KASTAMONU,"42,9","41,6","44,1",,,,,,,,,,,,,,,
KASTAMONU,2023,KASTAMONU,"42,4","41,3","43,5",,,,,,,,,,,,,,,
KASTAMONU,2022,KASTAMONU,"41,6","40,5","42,8",,,,,,,,,,,,,,,
KASTAMONU,2021,KASTAMONU,"41,2","39,9","42,5",,,,,,,,,,,,,,,
KASTAMONU,2020,KASTAMONU,"40,6","39,2","42,1",,,,,,,,,,,,,,,
KASTAMONU,2019,KASTAMONU,"39,9","38,4","41,5",,,,,,,,,,,,,,,
KASTAMONU,2018,KASTAMONU,"39,5","38,1","41,1",,,,,,,,,,,,,,,
KASTAMONU,2017,KASTAMONU,"38,9","37,7","40,1",,,,,,,,,,,,,,,
KASTAMONU,2016,KASTAMONU,"38,2","36,8","39,7",,,,,,,,,,,,,,,
KASTAMONU,2015,KASTAMONU,"38,3","37,1","39,6",,,,,,,,,,,,,,,
KASTAMONU,2014,KASTAMONU,"38,0","36,4","39,7",,,,,,,,,,,,,,,
KASTAMONU,2013,KASTAMONU,"37,6","36,1","39,2",,,,,,,,,,,,,,,
KASTAMONU,2012,KASTAMONU,"37,2","35,8","38,5",,,,,,,,,,,,,,,
KASTAMONU,2011,KASTAMONU,"36,7","35,3","38,1",,,,,,,,,,,,,,,
KASTAMONU,2010,KASTAMONU,"36,1","34,6","37,5",,,,,,,,,,,,,,,
KASTAMONU,2009,KASTAMONU,"35,7","34,5","36,9",,,,,,,,,,,,,,,
KASTAMONU,2008,KASTAMONU,"35,3","34,2","36,6",,,,,,,,,,,,,,,
KASTAMONU,2007,KASTAMONU,"34,6","33,3","36,0",,,,,,,,,,,,,,,
KASTAMONU,2000,KASTAMONU,"32,4","31,9","32,8",,,,,,,,,,,,,,,
KASTAMONU,1990,KASTAMONU,"27,2","27,1","27,3",,,,,,,,,,,,,,,
KASTAMONU,1985,KASTAMONU,"24,9","24,8","25,0",,,,,,,,,,,,,,,
KAYSERİ,2025,KAYSERİ,"34,9","34,2","35,6",,,,,,,,,,,,,,,
KAYSERİ,2024,KAYSERİ,"34,4","33,7","35,1",,,,,,,,,,,,,,,
KAYSERİ,2023,KAYSERİ,"33,8","33,1","34,5",,,,,,,,,,,,,,,
KAYSERİ,2022,KAYSERİ,"33,2","32,5","33,9",,,,,,,,,,,,,,,
KAYSERİ,2021,KAYSERİ,"32,7","32,1","33,4",,,,,,,,,,,,,,,
KAYSERİ,2020,KAYSERİ,"32,3","31,7","32,9",,,,,,,,,,,,,,,
KAYSERİ,2019,KAYSERİ,"32,0","31,4","32,5",,,,,,,,,,,,,,,
KAYSERİ,2018,KAYSERİ,"31,5","31,0","32,0",,,,,,,,,,,,,,,
KAYSERİ,2017,KAYSERİ,"31,1","30,6","31,6",,,,,,,,,,,,,,,
KAYSERİ,2016,KAYSERİ,"30,7","30,2","31,2",,,,,,,,,,,,,,,
KAYSERİ,2015,KAYSERİ,"30,3","29,9","30,8",,,,,,,,,,,,,,,
KAYSERİ,2014,KAYSERİ,"30,0","29,5","30,4",,,,,,,,,,,,,,,
KAYSERİ,2013,KAYSERİ,"29,7","29,2","30,1",,,,,,,,,,,,,,,
KAYSERİ,2012,KAYSERİ,"29,3","28,9","29,8",,,,,,,,,,,,,,,
KAYSERİ,2011,KAYSERİ,"29,0","28,5","29,4",,,,,,,,,,,,,,,
KAYSERİ,2010,KAYSERİ,"28,5","28,0","28,9",,,,,,,,,,,,,,,
KAYSERİ,2009,KAYSERİ,"28,1","27,6","28,5",,,,,,,,,,,,,,,
KAYSERİ,2008,KAYSERİ,"27,7","27,3","28,2",,,,,,,,,,,,,,,
KAYSERİ,2007,KAYSERİ,"27,6","27,0","28,1",,,,,,,,,,,,,,,
KAYSERİ,2000,KAYSERİ,"24,4","24,0","24,8",,,,,,,,,,,,,,,
KAYSERİ,1990,KAYSERİ,"21,0","20,7","21,4",,,,,,,,,,,,,,,
KAYSERİ,1985,KAYSERİ,"19,5","19,0","19,9",,,,,,,,,,,,,,,
KIRIKKALE,2025,KIRIKKALE,"38,4","37,6","39,3",,,,,,,,,,,,,,,
KIRIKKALE,2024,KIRIKKALE,"38,0","37,1","38,8",,,,,,,,,,,,,,,
KIRIKKALE,2023,KIRIKKALE,"37,6","36,8","38,4",,,,,,,,,,,,,,,
KIRIKKALE,2022,KIRIKKALE,"37,1","36,4","37,9",,,,,,,,,,,,,,,
KIRIKKALE,2021,KIRIKKALE,"36,6","35,9","37,4",,,,,,,,,,,,,,,
KIRIKKALE,2020,KIRIKKALE,"36,1","35,4","36,9",,,,,,,,,,,,,,,
KIRIKKALE,2019,KIRIKKALE,"35,4","34,7","36,1",,,,,,,,,,,,,,,
KIRIKKALE,2018,KIRIKKALE,"34,9","34,2","35,6",,,,,,,,,,,,,,,
KIRIKKALE,2017,KIRIKKALE,"34,4","33,6","35,3",,,,,,,,,,,,,,,
KIRIKKALE,2016,KIRIKKALE,"34,1","33,1","35,2",,,,,,,,,,,,,,,
KIRIKKALE,2015,KIRIKKALE,"34,2","33,2","35,1",,,,,,,,,,,,,,,
KIRIKKALE,2014,KIRIKKALE,"33,6","32,6","34,7",,,,,,,,,,,,,,,
KIRIKKALE,2013,KIRIKKALE,"33,3","32,3","34,3",,,,,,,,,,,,,,,
KIRIKKALE,2012,KIRIKKALE,"32,7","31,7","33,6",,,,,,,,,,,,,,,
KIRIKKALE,2011,KIRIKKALE,"32,1","31,1","33,1",,,,,,,,,,,,,,,
KIRIKKALE,2010,KIRIKKALE,"31,7","30,8","32,5",,,,,,,,,,,,,,,
KIRIKKALE,2009,KIRIKKALE,"30,9","30,0","31,8",,,,,,,,,,,,,,,
KIRIKKALE,2008,KIRIKKALE,"30,5","29,4","31,6",,,,,,,,,,,,,,,
KIRIKKALE,2007,KIRIKKALE,"29,9","28,9","30,9",,,,,,,,,,,,,,,
KIRIKKALE,2000,KIRIKKALE,"24,6","24,1","25,1",,,,,,,,,,,,,,,
KIRIKKALE,1990,KIRIKKALE,"21,4","21,2","21,6",,,,,,,,,,,,,,,
KIRKLARELİ,2025,KIRKLARELİ,"41,6","40,5","42,8",,,,,,,,,,,,,,,
KIRKLARELİ,2024,KIRKLARELİ,"41,1","40,0","42,3",,,,,,,,,,,,,,,
KIRKLARELİ,2023,KIRKLARELİ,"40,8","39,8","41,9",,,,,,,,,,,,,,,
KIRKLARELİ,2022,KIRKLARELİ,"40,6","39,4","41,7",,,,,,,,,,,,,,,
KIRKLARELİ,2021,KIRKLARELİ,"40,1","38,8","41,4",,,,,,,,,,,,,,,
KIRKLARELİ,2020,KIRKLARELİ,"39,8","38,6","41,1",,,,,,,,,,,,,,,
KIRKLARELİ,2019,KIRKLARELİ,"39,1","37,9","40,5",,,,,,,,,,,,,,,
KIRKLARELİ,2018,KIRKLARELİ,"38,6","37,3","40,1",,,,,,,,,,,,,,,
KIRKLARELİ,2017,KIRKLARELİ,"38,3","37,1","39,6",,,,,,,,,,,,,,,
KIRKLARELİ,2016,KIRKLARELİ,"38,0","36,9","39,2",,,,,,,,,,,,,,,
KIRKLARELİ,2015,KIRKLARELİ,"37,7","36,5","39,0",,,,,,,,,,,,,,,
KIRKLARELİ,2014,KIRKLARELİ,"37,4","36,1","38,8",,,,,,,,,,,,,,,
KIRKLARELİ,2013,KIRKLARELİ,"37,1","35,9","38,5",,,,,,,,,,,,,,,
KIRKLARELİ,2012,KIRKLARELİ,"36,5","35,0","38,1",,,,,,,,,,,,,,,
KIRKLARELİ,2011,KIRKLARELİ,"36,0","34,5","37,7",,,,,,,,,,,,,,,
KIRKLARELİ,2010,KIRKLARELİ,"36,2","35,1","37,2",,,,,,,,,,,,,,,
KIRKLARELİ,2009,KIRKLARELİ,"35,5","34,3","36,8",,,,,,,,,,,,,,,
KIRKLARELİ,2008,KIRKLARELİ,"34,6","33,1","36,3",,,,,,,,,,,,,,,
KIRKLARELİ,2007,KIRKLARELİ,"34,4","33,1","35,8",,,,,,,,,,,,,,,
KIRKLARELİ,2000,KIRKLARELİ,"30,7","29,2","32,4",,,,,,,,,,,,,,,
KIRKLARELİ,1990,KIRKLARELİ,"26,8","25,4","28,4",,,,,,,,,,,,,,,
KIRKLARELİ,1985,KIRKLARELİ,"24,7","24,2","26,2",,,,,,,,,,,,,,,
KIRŞEHİR,2025,KIRŞEHİR,"38,6","38,0","39,2",,,,,,,,,,,,,,,
KIRŞEHİR,2024,KIRŞEHİR,"37,9","37,4","38,4",,,,,,,,,,,,,,,
KIRŞEHİR,2023,KIRŞEHİR,"37,2","36,6","37,8",,,,,,,,,,,,,,,
KIRŞEHİR,2022,KIRŞEHİR,"36,3","35,8","36,9",,,,,,,,,,,,,,,
KIRŞEHİR,2021,KIRŞEHİR,"36,0","35,3","36,7",,,,,,,,,,,,,,,
KIRŞEHİR,2020,KIRŞEHİR,"35,4","34,9","35,9",,,,,,,,,,,,,,,
KIRŞEHİR,2019,KIRŞEHİR,"34,9","34,3","35,7",,,,,,,,,,,,,,,
KIRŞEHİR,2018,KIRŞEHİR,"34,7","33,9","35,6",,,,,,,,,,,,,,,
KIRŞEHİR,2017,KIRŞEHİR,"34,5","33,5","35,5",,,,,,,,,,,,,,,
KIRŞEHİR,2016,KIRŞEHİR,"34,4","33,4","35,5",,,,,,,,,,,,,,,
KIRŞEHİR,2015,KIRŞEHİR,"34,1","33,1","35,2",,,,,,,,,,,,,,,
KIRŞEHİR,2014,KIRŞEHİR,"33,9","32,9","35,1",,,,,,,,,,,,,,,
KIRŞEHİR,2013,KIRŞEHİR,"33,3","32,2","34,5",,,,,,,,,,,,,,,
KIRŞEHİR,2012,KIRŞEHİR,"33,0","32,0","34,1",,,,,,,,,,,,,,,
KIRŞEHİR,2011,KIRŞEHİR,"32,7","31,7","33,7",,,,,,,,,,,,,,,
KIRŞEHİR,2010,KIRŞEHİR,"32,1","31,1","33,2",,,,,,,,,,,,,,,
KIRŞEHİR,2009,KIRŞEHİR,"31,5","30,5","32,5",,,,,,,,,,,,,,,
KIRŞEHİR,2008,KIRŞEHİR,"31,1","30,0","32,2",,,,,,,,,,,,,,,
KIRŞEHİR,2007,KIRŞEHİR,"30,4","29,3","31,5",,,,,,,,,,,,,,,
KIRŞEHİR,2000,KIRŞEHİR,"25,6","24,9","26,2",,,,,,,,,,,,,,,
KIRŞEHİR,1990,KIRŞEHİR,"21,0","20,1","21,7",,,,,,,,,,,,,,,
KIRŞEHİR,1985,KIRŞEHİR,"18,8","17,8","19,6",,,,,,,,,,,,,,,
KİLİS,2025,KİLİS,"28,4","28,5","28,3",,,,,,,,,,,,,,,
KİLİS,2024,KİLİS,"28,1","28,2","27,9",,,,,,,,,,,,,,,
KİLİS,2023,KİLİS,"27,7","27,7","27,6",,,,,,,,,,,,,,,
KİLİS,2022,KİLİS,"27,3","27,3","27,4",,,,,,,,,,,,,,,
KİLİS,2021,KİLİS,"27,1","27,0","27,2",,,,,,,,,,,,,,,
KİLİS,2020,KİLİS,"27,0","26,7","27,3",,,,,,,,,,,,,,,
KİLİS,2019,KİLİS,"26,6","26,4","27,0",,,,,,,,,,,,,,,
KİLİS,2018,KİLİS,"26,3","26,1","26,6",,,,,,,,,,,,,,,
KİLİS,2017,KİLİS,"26,2","25,9","26,5",,,,,,,,,,,,,,,
KİLİS,2016,KİLİS,"25,8","25,3","26,3",,,,,,,,,,,,,,,
KİLİS,2015,KİLİS,"25,4","24,9","26,0",,,,,,,,,,,,,,,
KİLİS,2014,KİLİS,"25,5","24,8","26,2",,,,,,,,,,,,,,,
KİLİS,2013,KİLİS,"25,3","24,7","26,0",,,,,,,,,,,,,,,
KİLİS,2012,KİLİS,"25,5","24,6","26,5",,,,,,,,,,,,,,,
KİLİS,2011,KİLİS,"25,0","24,3","26,0",,,,,,,,,,,,,,,
KİLİS,2010,KİLİS,"24,9","24,2","25,5",,,,,,,,,,,,,,,
KİLİS,2009,KİLİS,"24,6","24,0","25,3",,,,,,,,,,,,,,,
KİLİS,2008,KİLİS,"24,6","24,0","25,3",,,,,,,,,,,,,,,
KİLİS,2007,KİLİS,"24,5","23,7","25,2",,,,,,,,,,,,,,,
KİLİS,2000,KİLİS,"22,0","21,9","22,1",,,,,,,,,,,,,,,
KOCAELİ,2025,KOCAELİ,"34,4","33,9","35,0",,,,,,,,,,,,,,,
KOCAELİ,2024,KOCAELİ,"34,0","33,5","34,6",,,,,,,,,,,,,,,
KOCAELİ,2023,KOCAELİ,"33,6","33,0","34,1",,,,,,,,,,,,,,,
KOCAELİ,2022,KOCAELİ,"33,2","32,7","33,7",,,,,,,,,,,,,,,
KOCAELİ,2021,KOCAELİ,"33,0","32,5","33,4",,,,,,,,,,,,,,,
KOCAELİ,2020,KOCAELİ,"32,6","32,2","33,0",,,,,,,,,,,,,,,
KOCAELİ,2019,KOCAELİ,"32,3","32,0","32,7",,,,,,,,,,,,,,,
KOCAELİ,2018,KOCAELİ,"32,0","31,7","32,3",,,,,,,,,,,,,,,
KOCAELİ,2017,KOCAELİ,"31,7","31,5","32,0",,,,,,,,,,,,,,,
KOCAELİ,2016,KOCAELİ,"31,4","31,2","31,7",,,,,,,,,,,,,,,
KOCAELİ,2015,KOCAELİ,"31,2","30,9","31,4",,,,,,,,,,,,,,,
KOCAELİ,2014,KOCAELİ,"30,9","30,7","31,1",,,,,,,,,,,,,,,
KOCAELİ,2013,KOCAELİ,"30,7","30,5","30,9",,,,,,,,,,,,,,,
KOCAELİ,2012,KOCAELİ,"30,4","30,3","30,6",,,,,,,,,,,,,,,
KOCAELİ,2011,KOCAELİ,"30,1","29,9","30,2",,,,,,,,,,,,,,,
KOCAELİ,2010,KOCAELİ,"29,7","29,6","29,7",,,,,,,,,,,,,,,
KOCAELİ,2009,KOCAELİ,"29,2","29,0","29,3",,,,,,,,,,,,,,,
KOCAELİ,2008,KOCAELİ,"28,8","28,6","29,0",,,,,,,,,,,,,,,
KOCAELİ,2007,KOCAELİ,"28,6","28,4","28,9",,,,,,,,,,,,,,,
KOCAELİ,2000,KOCAELİ,"25,7","25,5","25,9",,,,,,,,,,,,,,,
KOCAELİ,1990,KOCAELİ,"23,2","23,1","23,4",,,,,,,,,,,,,,,
KOCAELİ,1985,KOCAELİ,"22,3","22,4","22,2",,,,,,,,,,,,,,,
KONYA,2025,KONYA,"33,8","33,0","34,6",,,,,,,,,,,,,,,
KONYA,2024,KONYA,"33,4","32,6","34,2",,,,,,,,,,,,,,,
KONYA,2023,KONYA,"32,9","32,1","33,7",,,,,,,,,,,,,,,
KONYA,2022,KONYA,"32,4","31,6","33,3",,,,,,,,,,,,,,,
KONYA,2021,KONYA,"32,1","31,3","32,9",,,,,,,,,,,,,,,
KONYA,2020,KONYA,"31,8","31,0","32,7",,,,,,,,,,,,,,,
KONYA,2019,KONYA,"31,5","30,7","32,3",,,,,,,,,,,,,,,
KONYA,2018,KONYA,"31,2","30,5","31,9",,,,,,,,,,,,,,,
KONYA,2017,KONYA,"30,8","30,2","31,5",,,,,,,,,,,,,,,
KONYA,2016,KONYA,"30,5","29,8","31,2",,,,,,,,,,,,,,,
KONYA,2015,KONYA,"30,2","29,5","30,9",,,,,,,,,,,,,,,
KONYA,2014,KONYA,"29,9","29,2","30,5",,,,,,,,,,,,,,,
KONYA,2013,KONYA,"29,5","28,8","30,2",,,,,,,,,,,,,,,
KONYA,2012,KONYA,"29,3","28,7","29,9",,,,,,,,,,,,,,,
KONYA,2011,KONYA,"29,0","28,3","29,6",,,,,,,,,,,,,,,
KONYA,2010,KONYA,"28,6","28,0","29,2",,,,,,,,,,,,,,,
KONYA,2009,KONYA,"28,1","27,5","28,7",,,,,,,,,,,,,,,
KONYA,2008,KONYA,"27,7","27,1","28,4",,,,,,,,,,,,,,,
KONYA,2007,KONYA,"27,4","26,7","28,1",,,,,,,,,,,,,,,
KONYA,2000,KONYA,"23,7","23,1","24,2",,,,,,,,,,,,,,,
KONYA,1990,KONYA,"21,5","20,9","21,9",,,,,,,,,,,,,,,
KONYA,1985,KONYA,"19,9","19,4","20,5",,,,,,,,,,,,,,,
KÜTAHYA,2025,KÜTAHYA,"40,3","39,3","41,2",,,,,,,,,,,,,,,
KÜTAHYA,2024,KÜTAHYA,"39,8","38,8","40,7",,,,,,,,,,,,,,,
KÜTAHYA,2023,KÜTAHYA,"39,1","38,0","40,1",,,,,,,,,,,,,,,
KÜTAHYA,2022,KÜTAHYA,"38,1","37,2","39,1",,,,,,,,,,,,,,,
KÜTAHYA,2021,KÜTAHYA,"37,8","36,9","38,7",,,,,,,,,,,,,,,
KÜTAHYA,2020,KÜTAHYA,"37,5","36,6","38,4",,,,,,,,,,,,,,,
KÜTAHYA,2019,KÜTAHYA,"37,1","36,3","37,8",,,,,,,,,,,,,,,
KÜTAHYA,2018,KÜTAHYA,"36,8","36,1","37,6",,,,,,,,,,,,,,,
KÜTAHYA,2017,KÜTAHYA,"36,5","35,7","37,3",,,,,,,,,,,,,,,
KÜTAHYA,2016,KÜTAHYA,"36,0","35,1","36,9",,,,,,,,,,,,,,,
KÜTAHYA,2015,KÜTAHYA,"35,5","34,6","36,4",,,,,,,,,,,,,,,
KÜTAHYA,2014,KÜTAHYA,"35,1","34,2","36,0",,,,,,,,,,,,,,,
KÜTAHYA,2013,KÜTAHYA,"34,6","33,7","35,5",,,,,,,,,,,,,,,
KÜTAHYA,2012,KÜTAHYA,"34,1","33,2","35,0",,,,,,,,,,,,,,,
KÜTAHYA,2011,KÜTAHYA,"34,2","33,5","35,0",,,,,,,,,,,,,,,
KÜTAHYA,2010,KÜTAHYA,"32,4","30,3","34,6",,,,,,,,,,,,,,,
KÜTAHYA,2009,KÜTAHYA,"33,0","31,9","34,1",,,,,,,,,,,,,,,
KÜTAHYA,2008,KÜTAHYA,"32,9","32,1","33,8",,,,,,,,,,,,,,,
KÜTAHYA,2007,KÜTAHYA,"31,6","29,9","33,2",,,,,,,,,,,,,,,
KÜTAHYA,2000,KÜTAHYA,"27,6","26,9","28,2",,,,,,,,,,,,,,,
KÜTAHYA,1990,KÜTAHYA,"25,3","24,9","25,6",,,,,,,,,,,,,,,
KÜTAHYA,1985,KÜTAHYA,"23,9","23,6","24,1",,,,,,,,,,,,,,,
MALATYA,2025,MALATYA,"36,0","35,3","36,6",,,,,,,,,,,,,,,
MALATYA,2024,MALATYA,"35,6","35,0","36,1",,,,,,,,,,,,,,,
MALATYA,2023,MALATYA,"35,2","34,6","35,8",,,,,,,,,,,,,,,
MALATYA,2022,MALATYA,"34,2","33,4","35,0",,,,,,,,,,,,,,,
MALATYA,2021,MALATYA,"33,6","32,8","34,4",,,,,,,,,,,,,,,
MALATYA,2020,MALATYA,"33,1","32,4","33,8",,,,,,,,,,,,,,,
MALATYA,2019,MALATYA,"32,8","32,1","33,4",,,,,,,,,,,,,,,
MALATYA,2018,MALATYA,"32,3","31,7","33,0",,,,,,,,,,,,,,,
MALATYA,2017,MALATYA,"31,8","31,1","32,4",,,,,,,,,,,,,,,
MALATYA,2016,MALATYA,"31,4","30,7","32,1",,,,,,,,,,,,,,,
MALATYA,2015,MALATYA,"31,0","30,3","31,6",,,,,,,,,,,,,,,
MALATYA,2014,MALATYA,"30,5","29,8","31,1",,,,,,,,,,,,,,,
MALATYA,2013,MALATYA,"30,0","29,3","30,6",,,,,,,,,,,,,,,
MALATYA,2012,MALATYA,"29,5","28,8","30,2",,,,,,,,,,,,,,,
MALATYA,2011,MALATYA,"29,0","28,3","29,6",,,,,,,,,,,,,,,
MALATYA,2010,MALATYA,"28,8","28,3","29,3",,,,,,,,,,,,,,,
MALATYA,2009,MALATYA,"28,2","27,6","28,7",,,,,,,,,,,,,,,
MALATYA,2008,MALATYA,"27,7","27,1","28,3",,,,,,,,,,,,,,,
MALATYA,2007,MALATYA,"27,6","27,1","28,1",,,,,,,,,,,,,,,
MALATYA,2000,MALATYA,"23,4","23,0","23,8",,,,,,,,,,,,,,,
MALATYA,1990,MALATYA,"20,4","20,2","20,6",,,,,,,,,,,,,,,
MALATYA,1985,MALATYA,"19,0","18,8","19,2",,,,,,,,,,,,,,,
MANİSA,2025,MANİSA,"38,3","37,2","39,4",,,,,,,,,,,,,,,
MANİSA,2024,MANİSA,"37,8","36,9","38,8",,,,,,,,,,,,,,,
MANİSA,2023,MANİSA,"37,3","36,3","38,4",,,,,,,,,,,,,,,
MANİSA,2022,MANİSA,"36,9","35,9","37,9",,,,,,,,,,,,,,,
MANİSA,2021,MANİSA,"36,6","35,7","37,5",,,,,,,,,,,,,,,
MANİSA,2020,MANİSA,"36,2","35,3","37,0",,,,,,,,,,,,,,,
MANİSA,2019,MANİSA,"35,9","35,0","36,8",,,,,,,,,,,,,,,
MANİSA,2018,MANİSA,"35,5","34,6","36,5",,,,,,,,,,,,,,,
MANİSA,2017,MANİSA,"35,3","34,4","36,1",,,,,,,,,,,,,,,
MANİSA,2016,MANİSA,"35,0","34,2","35,8",,,,,,,,,,,,,,,
MANİSA,2015,MANİSA,"34,6","33,8","35,4",,,,,,,,,,,,,,,
MANİSA,2014,MANİSA,"34,2","33,4","35,0",,,,,,,,,,,,,,,
MANİSA,2013,MANİSA,"33,9","33,1","34,7",,,,,,,,,,,,,,,
MANİSA,2012,MANİSA,"33,6","32,9","34,4",,,,,,,,,,,,,,,
MANİSA,2011,MANİSA,"33,2","32,5","33,9",,,,,,,,,,,,,,,
MANİSA,2010,MANİSA,"31,7","29,9","33,5",,,,,,,,,,,,,,,
MANİSA,2009,MANİSA,"32,1","31,3","33,0",,,,,,,,,,,,,,,
MANİSA,2008,MANİSA,"32,0","31,4","32,6",,,,,,,,,,,,,,,
MANİSA,2007,MANİSA,"31,3","30,2","32,4",,,,,,,,,,,,,,,
MANİSA,2000,MANİSA,"28,2","27,8","28,5",,,,,,,,,,,,,,,
MANİSA,1990,MANİSA,"25,0","24,8","25,3",,,,,,,,,,,,,,,
MANİSA,1985,MANİSA,"23,8","23,8","23,9",,,,,,,,,,,,,,,
MARDİN,2025,MARDİN,"25,9","25,4","26,4",,,,,,,,,,,,,,,
MARDİN,2024,MARDİN,"25,4","24,9","25,9",,,,,,,,,,,,,,,
MARDİN,2023,MARDİN,"24,9","24,4","25,4",,,,,,,,,,,,,,,
MARDİN,2022,MARDİN,"24,4","23,9","24,8",,,,,,,,,,,,,,,
MARDİN,2021,MARDİN,"23,9","23,5","24,3",,,,,,,,,,,,,,,
MARDİN,2020,MARDİN,"23,5","23,1","23,9",,,,,,,,,,,,,,,
MARDİN,2019,MARDİN,"23,2","22,8","23,6",,,,,,,,,,,,,,,
MARDİN,2018,MARDİN,"22,7","22,3","23,2",,,,,,,,,,,,,,,
MARDİN,2017,MARDİN,"22,2","21,8","22,7",,,,,,,,,,,,,,,
MARDİN,2016,MARDİN,"21,9","21,5","22,3",,,,,,,,,,,,,,,
MARDİN,2015,MARDİN,"21,6","21,2","22,0",,,,,,,,,,,,,,,
MARDİN,2014,MARDİN,"21,3","20,9","21,7",,,,,,,,,,,,,,,
MARDİN,2013,MARDİN,"21,0","20,6","21,4",,,,,,,,,,,,,,,
MARDİN,2012,MARDİN,"20,7","20,4","21,1",,,,,,,,,,,,,,,
MARDİN,2011,MARDİN,"20,4","20,1","20,7",,,,,,,,,,,,,,,
MARDİN,2010,MARDİN,"19,8","19,4","20,3",,,,,,,,,,,,,,,
MARDİN,2009,MARDİN,"19,7","19,4","20,0",,,,,,,,,,,,,,,
MARDİN,2008,MARDİN,"19,9","19,6","20,1",,,,,,,,,,,,,,,
MARDİN,2007,MARDİN,"19,5","19,1","20,0",,,,,,,,,,,,,,,
MARDİN,2000,MARDİN,"17,3","17,0","17,6",,,,,,,,,,,,,,,
MARDİN,1990,MARDİN,"15,0","14,6","15,6",,,,,,,,,,,,,,,
MARDİN,1985,MARDİN,"14,6","14,1","15,2",,,,,,,,,,,,,,,
MERSİN,2025,MERSİN,"35,9","35,1","36,8",,,,,,,,,,,,,,,
MERSİN,2024,MERSİN,"35,4","34,6","36,3",,,,,,,,,,,,,,,
MERSİN,2023,MERSİN,"35,0","34,1","35,8",,,,,,,,,,,,,,,
MERSİN,2022,MERSİN,"34,5","33,6","35,3",,,,,,,,,,,,,,,
MERSİN,2021,MERSİN,"34,2","33,4","35,0",,,,,,,,,,,,,,,
MERSİN,2020,MERSİN,"33,7","33,0","34,5",,,,,,,,,,,,,,,
MERSİN,2019,MERSİN,"33,5","32,8","34,2",,,,,,,,,,,,,,,
MERSİN,2018,MERSİN,"33,1","32,4","33,8",,,,,,,,,,,,,,,
MERSİN,2017,MERSİN,"32,7","32,1","33,4",,,,,,,,,,,,,,,
MERSİN,2016,MERSİN,"32,3","31,6","33,0",,,,,,,,,,,,,,,
MERSİN,2015,MERSİN,"32,0","31,4","32,6",,,,,,,,,,,,,,,
MERSİN,2014,MERSİN,"31,6","31,0","32,2",,,,,,,,,,,,,,,
MERSİN,2013,MERSİN,"31,2","30,6","31,7",,,,,,,,,,,,,,,
MERSİN,2012,MERSİN,"30,8","30,3","31,3",,,,,,,,,,,,,,,
MERSİN,2011,MERSİN,"30,4","29,9","30,9",,,,,,,,,,,,,,,
MERSİN,2010,MERSİN,"29,9","29,5","30,4",,,,,,,,,,,,,,,
MERSİN,2009,MERSİN,"29,2","28,6","29,9",,,,,,,,,,,,,,,
MERSİN,2008,MERSİN,"29,0","28,6","29,5",,,,,,,,,,,,,,,
MERSİN,2007,MERSİN,"28,5","27,8","29,3",,,,,,,,,,,,,,,
MERSİN,2000,MERSİN,"24,6","24,3","24,9",,,,,,,,,,,,,,,
MERSİN,1990,MERSİN,"21,9","21,7","22,1",,,,,,,,,,,,,,,
MERSİN,1985,MERSİN,"20,5","20,2","20,7",,,,,,,,,,,,,,,
MUĞLA,2025,MUĞLA,"40,6","39,8","41,3",,,,,,,,,,,,,,,
MUĞLA,2024,MUĞLA,"40,2","39,5","40,9",,,,,,,,,,,,,,,
MUĞLA,2023,MUĞLA,"39,9","39,2","40,5",,,,,,,,,,,,,,,
MUĞLA,2022,MUĞLA,"39,4","38,8","40,1",,,,,,,,,,,,,,,
MUĞLA,2021,MUĞLA,"39,2","38,7","39,8",,,,,,,,,,,,,,,
MUĞLA,2020,MUĞLA,"38,7","38,2","39,3",,,,,,,,,,,,,,,
MUĞLA,2019,MUĞLA,"38,3","37,8","38,8",,,,,,,,,,,,,,,
MUĞLA,2018,MUĞLA,"37,9","37,4","38,5",,,,,,,,,,,,,,,
MUĞLA,2017,MUĞLA,"37,4","36,9","37,8",,,,,,,,,,,,,,,
MUĞLA,2016,MUĞLA,"37,0","36,6","37,4",,,,,,,,,,,,,,,
MUĞLA,2015,MUĞLA,"36,6","36,2","37,0",,,,,,,,,,,,,,,
MUĞLA,2014,MUĞLA,"36,3","35,9","36,8",,,,,,,,,,,,,,,
MUĞLA,2013,MUĞLA,"35,6","35,3","36,0",,,,,,,,,,,,,,,
MUĞLA,2012,MUĞLA,"35,1","34,8","35,4",,,,,,,,,,,,,,,
MUĞLA,2011,MUĞLA,"34,5","34,3","34,8",,,,,,,,,,,,,,,
MUĞLA,2010,MUĞLA,"34,1","34,0","34,2",,,,,,,,,,,,,,,
MUĞLA,2009,MUĞLA,"33,5","33,3","33,8",,,,,,,,,,,,,,,
MUĞLA,2008,MUĞLA,"33,1","32,8","33,4",,,,,,,,,,,,,,,
MUĞLA,2007,MUĞLA,"32,7","32,4","33,1",,,,,,,,,,,,,,,
MUĞLA,2000,MUĞLA,"30,0","29,5","30,6",,,,,,,,,,,,,,,
MUĞLA,1990,MUĞLA,"26,8","26,8","26,9",,,,,,,,,,,,,,,
MUĞLA,1985,MUĞLA,"25,0","25,2","24,9",,,,,,,,,,,,,,,
MUŞ,2025,MUŞ,"25,3","25,4","25,1",,,,,,,,,,,,,,,
MUŞ,2024,MUŞ,"24,8","24,9","24,6",,,,,,,,,,,,,,,
MUŞ,2023,MUŞ,"24,2","24,3","24,1",,,,,,,,,,,,,,,
MUŞ,2022,MUŞ,"23,6","23,7","23,6",,,,,,,,,,,,,,,
MUŞ,2021,MUŞ,"23,1","23,2","23,1",,,,,,,,,,,,,,,
MUŞ,2020,MUŞ,"22,6","22,6","22,6",,,,,,,,,,,,,,,
MUŞ,2019,MUŞ,"22,2","22,2","22,2",,,,,,,,,,,,,,,
MUŞ,2018,MUŞ,"21,7","21,7","21,7",,,,,,,,,,,,,,,
MUŞ,2017,MUŞ,"21,3","21,2","21,4",,,,,,,,,,,,,,,
MUŞ,2016,MUŞ,"20,9","20,9","21,0",,,,,,,,,,,,,,,
MUŞ,2015,MUŞ,"20,6","20,5","20,7",,,,,,,,,,,,,,,
MUŞ,2014,MUŞ,"20,3","20,2","20,4",,,,,,,,,,,,,,,
MUŞ,2013,MUŞ,"19,9","19,8","20,1",,,,,,,,,,,,,,,
MUŞ,2012,MUŞ,"19,6","19,6","19,8",,,,,,,,,,,,,,,
MUŞ,2011,MUŞ,"19,4","19,3","19,5",,,,,,,,,,,,,,,
MUŞ,2010,MUŞ,"18,9","18,6","19,2",,,,,,,,,,,,,,,
MUŞ,2009,MUŞ,"18,8","18,6","18,9",,,,,,,,,,,,,,,
MUŞ,2008,MUŞ,"18,7","18,6","18,8",,,,,,,,,,,,,,,
MUŞ,2007,MUŞ,"18,4","18,2","18,6",,,,,,,,,,,,,,,
MUŞ,2000,MUŞ,"16,8","16,4","17,2",,,,,,,,,,,,,,,
MUŞ,1990,MUŞ,"14,4","13,9","14,9",,,,,,,,,,,,,,,
MUŞ,1985,MUŞ,"14,0","13,6","14,5",,,,,,,,,,,,,,,
NEVŞEHİR,2025,NEVŞEHİR,"36,6","36,2","37,1",,,,,,,,,,,,,,,
NEVŞEHİR,2024,NEVŞEHİR,"36,2","35,7","36,6",,,,,,,,,,,,,,,
NEVŞEHİR,2023,NEVŞEHİR,"35,9","35,4","36,4",,,,,,,,,,,,,,,
NEVŞEHİR,2022,NEVŞEHİR,"35,4","34,8","36,0",,,,,,,,,,,,,,,
NEVŞEHİR,2021,NEVŞEHİR,"35,0","34,4","35,6",,,,,,,,,,,,,,,
NEVŞEHİR,2020,NEVŞEHİR,"34,7","34,0","35,4",,,,,,,,,,,,,,,
NEVŞEHİR,2019,NEVŞEHİR,"34,3","33,6","35,0",,,,,,,,,,,,,,,
NEVŞEHİR,2018,NEVŞEHİR,"34,2","33,5","34,9",,,,,,,,,,,,,,,
NEVŞEHİR,2017,NEVŞEHİR,"33,8","33,1","34,4",,,,,,,,,,,,,,,
NEVŞEHİR,2016,NEVŞEHİR,"33,5","32,9","34,1",,,,,,,,,,,,,,,
NEVŞEHİR,2015,NEVŞEHİR,"33,3","32,6","34,0",,,,,,,,,,,,,,,
NEVŞEHİR,2014,NEVŞEHİR,"33,0","32,1","33,9",,,,,,,,,,,,,,,
NEVŞEHİR,2013,NEVŞEHİR,"32,3","31,6","33,1",,,,,,,,,,,,,,,
NEVŞEHİR,2012,NEVŞEHİR,"31,9","31,2","32,6",,,,,,,,,,,,,,,
NEVŞEHİR,2011,NEVŞEHİR,"31,6","31,0","32,3",,,,,,,,,,,,,,,
NEVŞEHİR,2010,NEVŞEHİR,"31,1","30,5","31,7",,,,,,,,,,,,,,,
NEVŞEHİR,2009,NEVŞEHİR,"30,4","29,7","31,1",,,,,,,,,,,,,,,
NEVŞEHİR,2008,NEVŞEHİR,"30,0","29,3","30,7",,,,,,,,,,,,,,,
NEVŞEHİR,2007,NEVŞEHİR,"29,5","28,8","30,3",,,,,,,,,,,,,,,
NEVŞEHİR,2000,NEVŞEHİR,"26,0","25,9","26,2",,,,,,,,,,,,,,,
NEVŞEHİR,1990,NEVŞEHİR,"22,4","22,0","22,8",,,,,,,,,,,,,,,
NEVŞEHİR,1985,NEVŞEHİR,"20,2","19,5","20,9",,,,,,,,,,,,,,,
NİĞDE,2025,NİĞDE,"34,5","33,8","35,2",,,,,,,,,,,,,,,
NİĞDE,2024,NİĞDE,"34,1","33,4","34,8",,,,,,,,,,,,,,,
NİĞDE,2023,NİĞDE,"33,5","32,9","34,2",,,,,,,,,,,,,,,
NİĞDE,2022,NİĞDE,"32,9","32,2","33,7",,,,,,,,,,,,,,,
NİĞDE,2021,NİĞDE,"32,5","31,7","33,2",,,,,,,,,,,,,,,
NİĞDE,2020,NİĞDE,"32,1","31,5","32,8",,,,,,,,,,,,,,,
NİĞDE,2019,NİĞDE,"31,5","30,9","32,2",,,,,,,,,,,,,,,
NİĞDE,2018,NİĞDE,"31,2","30,6","31,8",,,,,,,,,,,,,,,
NİĞDE,2017,NİĞDE,"30,6","30,1","31,3",,,,,,,,,,,,,,,
NİĞDE,2016,NİĞDE,"30,3","29,6","30,9",,,,,,,,,,,,,,,
NİĞDE,2015,NİĞDE,"30,0","29,5","30,6",,,,,,,,,,,,,,,
NİĞDE,2014,NİĞDE,"29,8","29,1","30,5",,,,,,,,,,,,,,,
NİĞDE,2013,NİĞDE,"29,2","28,6","29,9",,,,,,,,,,,,,,,
NİĞDE,2012,NİĞDE,"28,9","28,2","29,6",,,,,,,,,,,,,,,
NİĞDE,2011,NİĞDE,"28,4","27,9","29,0",,,,,,,,,,,,,,,
NİĞDE,2010,NİĞDE,"28,0","27,6","28,3",,,,,,,,,,,,,,,
NİĞDE,2009,NİĞDE,"27,3","26,7","27,8",,,,,,,,,,,,,,,
NİĞDE,2008,NİĞDE,"27,0","26,4","27,7",,,,,,,,,,,,,,,
NİĞDE,2007,NİĞDE,"26,6","26,0","27,2",,,,,,,,,,,,,,,
NİĞDE,2000,NİĞDE,"23,2","23,0","23,4",,,,,,,,,,,,,,,
NİĞDE,1990,NİĞDE,"19,9","19,3","20,6",,,,,,,,,,,,,,,
NİĞDE,1985,NİĞDE,"17,9","17,1","18,5",,,,,,,,,,,,,,,
ORDU,2025,ORDU,"41,6","40,8","42,4",,,,,,,,,,,,,,,
ORDU,2024,ORDU,"41,1","40,3","41,8",,,,,,,,,,,,,,,
ORDU,2023,ORDU,"40,6","39,9","41,3",,,,,,,,,,,,,,,
ORDU,2022,ORDU,"39,8","39,0","40,6",,,,,,,,,,,,,,,
ORDU,2021,ORDU,"39,3","38,4","40,1",,,,,,,,,,,,,,,
ORDU,2020,ORDU,"38,5","37,7","39,3",,,,,,,,,,,,,,,
ORDU,2019,ORDU,"38,2","37,4","39,0",,,,,,,,,,,,,,,
ORDU,2018,ORDU,"37,6","36,8","38,3",,,,,,,,,,,,,,,
ORDU,2017,ORDU,"36,9","36,1","37,7",,,,,,,,,,,,,,,
ORDU,2016,ORDU,"36,4","35,7","37,2",,,,,,,,,,,,,,,
ORDU,2015,ORDU,"35,9","35,1","36,7",,,,,,,,,,,,,,,
ORDU,2014,ORDU,"35,4","34,6","36,2",,,,,,,,,,,,,,,
ORDU,2013,ORDU,"34,7","34,0","35,5",,,,,,,,,,,,,,,
ORDU,2012,ORDU,"34,0","33,4","34,6",,,,,,,,,,,,,,,
ORDU,2011,ORDU,"33,4","32,8","34,0",,,,,,,,,,,,,,,
ORDU,2010,ORDU,"32,6","32,1","33,2",,,,,,,,,,,,,,,
ORDU,2009,ORDU,"31,8","31,2","32,4",,,,,,,,,,,,,,,
ORDU,2008,ORDU,"31,2","30,6","31,8",,,,,,,,,,,,,,,
ORDU,2007,ORDU,"30,5","29,9","31,2",,,,,,,,,,,,,,,
ORDU,2000,ORDU,"25,0","24,9","25,0",,,,,,,,,,,,,,,
ORDU,1990,ORDU,"20,9","20,4","21,3",,,,,,,,,,,,,,,
ORDU,1985,ORDU,"18,7","17,9","19,5",,,,,,,,,,,,,,,
OSMANİYE,2025,OSMANİYE,"33,3","32,6","34,0",,,,,,,,,,,,,,,
OSMANİYE,2024,OSMANİYE,"32,9","32,3","33,5",,,,,,,,,,,,,,,
OSMANİYE,2023,OSMANİYE,"32,5","31,8","33,1",,,,,,,,,,,,,,,
OSMANİYE,2022,OSMANİYE,"31,8","31,2","32,5",,,,,,,,,,,,,,,
OSMANİYE,2021,OSMANİYE,"31,4","30,7","32,1",,,,,,,,,,,,,,,
OSMANİYE,2020,OSMANİYE,"30,9","30,3","31,6",,,,,,,,,,,,,,,
OSMANİYE,2019,OSMANİYE,"30,8","30,1","31,5",,,,,,,,,,,,,,,
OSMANİYE,2018,OSMANİYE,"30,4","29,7","31,0",,,,,,,,,,,,,,,
OSMANİYE,2017,OSMANİYE,"30,0","29,4","30,5",,,,,,,,,,,,,,,
OSMANİYE,2016,OSMANİYE,"29,5","28,8","30,2",,,,,,,,,,,,,,,
OSMANİYE,2015,OSMANİYE,"29,2","28,6","29,8",,,,,,,,,,,,,,,
OSMANİYE,2014,OSMANİYE,"28,7","28,1","29,3",,,,,,,,,,,,,,,
OSMANİYE,2013,OSMANİYE,"28,3","27,8","28,9",,,,,,,,,,,,,,,
OSMANİYE,2012,OSMANİYE,"28,0","27,4","28,6",,,,,,,,,,,,,,,
OSMANİYE,2011,OSMANİYE,"27,6","27,0","28,1",,,,,,,,,,,,,,,
OSMANİYE,2010,OSMANİYE,"27,2","26,7","27,6",,,,,,,,,,,,,,,
OSMANİYE,2009,OSMANİYE,"26,7","26,2","27,2",,,,,,,,,,,,,,,
OSMANİYE,2008,OSMANİYE,"26,4","25,9","26,9",,,,,,,,,,,,,,,
OSMANİYE,2007,OSMANİYE,"26,2","25,6","26,8",,,,,,,,,,,,,,,
OSMANİYE,2000,OSMANİYE,"22,6","22,2","22,9",,,,,,,,,,,,,,,
RİZE,2025,RİZE,"40,1","39,3","41,0",,,,,,,,,,,,,,,
RİZE,2024,RİZE,"39,8","39,0","40,6",,,,,,,,,,,,,,,
RİZE,2023,RİZE,"39,4","38,5","40,2",,,,,,,,,,,,,,,
RİZE,2022,RİZE,"38,5","37,6","39,5",,,,,,,,,,,,,,,
RİZE,2021,RİZE,"37,9","36,9","39,0",,,,,,,,,,,,,,,
RİZE,2020,RİZE,"37,5","36,6","38,5",,,,,,,,,,,,,,,
RİZE,2019,RİZE,"37,1","36,3","38,0",,,,,,,,,,,,,,,
RİZE,2018,RİZE,"37,0","36,2","37,8",,,,,,,,,,,,,,,
RİZE,2017,RİZE,"36,1","35,2","37,0",,,,,,,,,,,,,,,
RİZE,2016,RİZE,"35,8","34,9","36,8",,,,,,,,,,,,,,,
RİZE,2015,RİZE,"35,5","34,5","36,4",,,,,,,,,,,,,,,
RİZE,2014,RİZE,"35,0","34,2","35,9",,,,,,,,,,,,,,,
RİZE,2013,RİZE,"34,2","33,3","35,1",,,,,,,,,,,,,,,
RİZE,2012,RİZE,"33,5","32,7","34,4",,,,,,,,,,,,,,,
RİZE,2011,RİZE,"33,2","32,5","33,9",,,,,,,,,,,,,,,
RİZE,2010,RİZE,"32,7","32,0","33,3",,,,,,,,,,,,,,,
RİZE,2009,RİZE,"32,0","31,2","32,7",,,,,,,,,,,,,,,
RİZE,2008,RİZE,"31,6","30,9","32,3",,,,,,,,,,,,,,,
RİZE,2007,RİZE,"31,0","30,4","31,7",,,,,,,,,,,,,,,
RİZE,2000,RİZE,"27,6","27,3","27,9",,,,,,,,,,,,,,,
RİZE,1990,RİZE,"23,1","22,3","23,7",,,,,,,,,,,,,,,
RİZE,1985,RİZE,"21,0","20,1","21,7",,,,,,,,,,,,,,,
SAKARYA,2025,SAKARYA,"36,0","35,3","36,7",,,,,,,,,,,,,,,
SAKARYA,2024,SAKARYA,"35,5","34,9","36,2",,,,,,,,,,,,,,,
SAKARYA,2023,SAKARYA,"35,1","34,5","35,8",,,,,,,,,,,,,,,
SAKARYA,2022,SAKARYA,"34,7","34,1","35,4",,,,,,,,,,,,,,,
SAKARYA,2021,SAKARYA,"34,4","33,7","35,0",,,,,,,,,,,,,,,
SAKARYA,2020,SAKARYA,"34,1","33,5","34,7",,,,,,,,,,,,,,,
SAKARYA,2019,SAKARYA,"33,7","33,1","34,3",,,,,,,,,,,,,,,
SAKARYA,2018,SAKARYA,"33,5","33,0","34,0",,,,,,,,,,,,,,,
SAKARYA,2017,SAKARYA,"33,2","32,7","33,7",,,,,,,,,,,,,,,
SAKARYA,2016,SAKARYA,"32,8","32,3","33,4",,,,,,,,,,,,,,,
SAKARYA,2015,SAKARYA,"32,5","32,1","33,0",,,,,,,,,,,,,,,
SAKARYA,2014,SAKARYA,"32,2","31,8","32,7",,,,,,,,,,,,,,,
SAKARYA,2013,SAKARYA,"31,9","31,6","32,3",,,,,,,,,,,,,,,
SAKARYA,2012,SAKARYA,"31,6","31,3","31,9",,,,,,,,,,,,,,,
SAKARYA,2011,SAKARYA,"31,3","30,9","31,7",,,,,,,,,,,,,,,
SAKARYA,2010,SAKARYA,"30,9","30,6","31,3",,,,,,,,,,,,,,,
SAKARYA,2009,SAKARYA,"30,4","30,0","30,7",,,,,,,,,,,,,,,
SAKARYA,2008,SAKARYA,"30,0","29,6","30,4",,,,,,,,,,,,,,,
SAKARYA,2007,SAKARYA,"29,7","29,4","30,1",,,,,,,,,,,,,,,
SAKARYA,2000,SAKARYA,"26,7","26,3","27,0",,,,,,,,,,,,,,,
SAKARYA,1990,SAKARYA,"23,6","23,4","23,9",,,,,,,,,,,,,,,
SAKARYA,1985,SAKARYA,"22,1","21,8","22,3",,,,,,,,,,,,,,,
SAMSUN,2025,SAMSUN,"38,8","37,8","39,8",,,,,,,,,,,,,,,
SAMSUN,2024,SAMSUN,"38,3","37,4","39,2",,,,,,,,,,,,,,,
SAMSUN,2023,SAMSUN,"37,8","36,9","38,7",,,,,,,,,,,,,,,
SAMSUN,2022,SAMSUN,"37,2","36,3","38,1",,,,,,,,,,,,,,,
SAMSUN,2021,SAMSUN,"36,6","35,7","37,5",,,,,,,,,,,,,,,
SAMSUN,2020,SAMSUN,"36,1","35,2","36,9",,,,,,,,,,,,,,,
SAMSUN,2019,SAMSUN,"35,6","34,7","36,5",,,,,,,,,,,,,,,
SAMSUN,2018,SAMSUN,"35,2","34,3","36,0",,,,,,,,,,,,,,,
SAMSUN,2017,SAMSUN,"34,9","34,0","35,6",,,,,,,,,,,,,,,
SAMSUN,2016,SAMSUN,"34,5","33,7","35,3",,,,,,,,,,,,,,,
SAMSUN,2015,SAMSUN,"34,0","33,2","34,7",,,,,,,,,,,,,,,
SAMSUN,2014,SAMSUN,"33,4","32,7","34,1",,,,,,,,,,,,,,,
SAMSUN,2013,SAMSUN,"32,9","32,2","33,6",,,,,,,,,,,,,,,
SAMSUN,2012,SAMSUN,"32,5","31,9","33,1",,,,,,,,,,,,,,,
SAMSUN,2011,SAMSUN,"32,0","31,4","32,6",,,,,,,,,,,,,,,
SAMSUN,2010,SAMSUN,"31,2","30,5","31,9",,,,,,,,,,,,,,,
SAMSUN,2009,SAMSUN,"30,6","29,9","31,3",,,,,,,,,,,,,,,
SAMSUN,2008,SAMSUN,"30,2","29,7","30,8",,,,,,,,,,,,,,,
SAMSUN,2007,SAMSUN,"29,6","29,0","30,3",,,,,,,,,,,,,,,
SAMSUN,2000,SAMSUN,"25,4","25,1","25,7",,,,,,,,,,,,,,,
SAMSUN,1990,SAMSUN,"21,4","20,7","22,0",,,,,,,,,,,,,,,
SAMSUN,1985,SAMSUN,"19,7","19,0","20,3",,,,,,,,,,,,,,,
SİİRT,2025,SİİRT,"25,0","25,0","25,1",,,,,,,,,,,,,,,
SİİRT,2024,SİİRT,"24,5","24,5","24,5",,,,,,,,,,,,,,,
SİİRT,2023,SİİRT,"24,2","24,3","24,0",,,,,,,,,,,,,,,
SİİRT,2022,SİİRT,"23,3","23,1","23,4",,,,,,,,,,,,,,,
SİİRT,2021,SİİRT,"22,7","22,6","22,9",,,,,,,,,,,,,,,
SİİRT,2020,SİİRT,"22,4","22,3","22,5",,,,,,,,,,,,,,,
SİİRT,2019,SİİRT,"22,0","22,0","22,1",,,,,,,,,,,,,,,
SİİRT,2018,SİİRT,"21,7","21,8","21,7",,,,,,,,,,,,,,,
SİİRT,2017,SİİRT,"21,2","21,1","21,2",,,,,,,,,,,,,,,
SİİRT,2016,SİİRT,"20,8","20,9","20,8",,,,,,,,,,,,,,,
SİİRT,2015,SİİRT,"20,5","20,6","20,4",,,,,,,,,,,,,,,
SİİRT,2014,SİİRT,"20,1","20,2","20,0",,,,,,,,,,,,,,,
SİİRT,2013,SİİRT,"19,8","19,9","19,7",,,,,,,,,,,,,,,
SİİRT,2012,SİİRT,"19,5","19,7","19,4",,,,,,,,,,,,,,,
SİİRT,2011,SİİRT,"19,3","19,5","19,1",,,,,,,,,,,,,,,
SİİRT,2010,SİİRT,"18,6","18,4","18,8",,,,,,,,,,,,,,,
SİİRT,2009,SİİRT,"18,8","18,9","18,6",,,,,,,,,,,,,,,
SİİRT,2008,SİİRT,"18,7","18,8","18,5",,,,,,,,,,,,,,,
SİİRT,2007,SİİRT,"18,4","18,4","18,3",,,,,,,,,,,,,,,
SİİRT,2000,SİİRT,"16,6","16,6","16,7",,,,,,,,,,,,,,,
SİİRT,1990,SİİRT,"14,8","14,3","15,4",,,,,,,,,,,,,,,
SİİRT,1985,SİİRT,"14,1","13,7","14,7",,,,,,,,,,,,,,,
SİNOP,2025,SİNOP,"44,0","43,0","44,9",,,,,,,,,,,,,,,
SİNOP,2024,SİNOP,"43,4","42,5","44,3",,,,,,,,,,,,,,,
SİNOP,2023,SİNOP,"42,8","41,9","43,8",,,,,,,,,,,,,,,
SİNOP,2022,SİNOP,"42,4","41,4","43,5",,,,,,,,,,,,,,,
SİNOP,2021,SİNOP,"41,8","40,7","42,9",,,,,,,,,,,,,,,
SİNOP,2020,SİNOP,"41,4","40,2","42,7",,,,,,,,,,,,,,,
SİNOP,2019,SİNOP,"40,8","39,5","42,1",,,,,,,,,,,,,,,
SİNOP,2018,SİNOP,"40,3","39,2","41,5",,,,,,,,,,,,,,,
SİNOP,2017,SİNOP,"39,7","38,6","40,9",,,,,,,,,,,,,,,
SİNOP,2016,SİNOP,"39,6","38,4","40,8",,,,,,,,,,,,,,,
SİNOP,2015,SİNOP,"39,3","38,1","40,6",,,,,,,,,,,,,,,
SİNOP,2014,SİNOP,"39,1","37,8","40,4",,,,,,,,,,,,,,,
SİNOP,2013,SİNOP,"38,2","37,0","39,4",,,,,,,,,,,,,,,
SİNOP,2012,SİNOP,"37,5","36,4","38,6",,,,,,,,,,,,,,,
SİNOP,2011,SİNOP,"36,8","35,8","37,9",,,,,,,,,,,,,,,
SİNOP,2010,SİNOP,"36,2","35,2","37,2",,,,,,,,,,,,,,,
SİNOP,2009,SİNOP,"35,6","34,6","36,6",,,,,,,,,,,,,,,
SİNOP,2008,SİNOP,"35,0","33,9","36,1",,,,,,,,,,,,,,,
SİNOP,2007,SİNOP,"34,4","33,4","35,5",,,,,,,,,,,,,,,
SİNOP,2000,SİNOP,"29,9","29,7","30,0",,,,,,,,,,,,,,,
SİNOP,1990,SİNOP,"23,4","23,1","23,6",,,,,,,,,,,,,,,
SİNOP,1985,SİNOP,"21,1","20,0","21,8",,,,,,,,,,,,,,,
SİVAS,2025,SİVAS,"36,9","36,4","37,5",,,,,,,,,,,,,,,
SİVAS,2024,SİVAS,"36,4","35,9","36,9",,,,,,,,,,,,,,,
SİVAS,2023,SİVAS,"36,0","35,5","36,6",,,,,,,,,,,,,,,
SİVAS,2022,SİVAS,"35,1","34,4","35,8",,,,,,,,,,,,,,,
SİVAS,2021,SİVAS,"34,5","33,9","35,2",,,,,,,,,,,,,,,
SİVAS,2020,SİVAS,"34,1","33,4","34,7",,,,,,,,,,,,,,,
SİVAS,2019,SİVAS,"33,5","33,0","34,1",,,,,,,,,,,,,,,
SİVAS,2018,SİVAS,"33,3","32,7","33,9",,,,,,,,,,,,,,,
SİVAS,2017,SİVAS,"32,5","31,9","33,1",,,,,,,,,,,,,,,
SİVAS,2016,SİVAS,"32,3","31,8","32,8",,,,,,,,,,,,,,,
SİVAS,2015,SİVAS,"32,0","31,5","32,5",,,,,,,,,,,,,,,
SİVAS,2014,SİVAS,"31,9","31,4","32,4",,,,,,,,,,,,,,,
SİVAS,2013,SİVAS,"31,0","30,4","31,6",,,,,,,,,,,,,,,
SİVAS,2012,SİVAS,"30,4","29,8","30,9",,,,,,,,,,,,,,,
SİVAS,2011,SİVAS,"29,9","29,4","30,5",,,,,,,,,,,,,,,
SİVAS,2010,SİVAS,"28,7","27,7","29,8",,,,,,,,,,,,,,,
SİVAS,2009,SİVAS,"28,6","28,0","29,2",,,,,,,,,,,,,,,
SİVAS,2008,SİVAS,"28,3","27,7","28,9",,,,,,,,,,,,,,,
SİVAS,2007,SİVAS,"27,6","26,9","28,3",,,,,,,,,,,,,,,
SİVAS,2000,SİVAS,"24,1","23,9","24,3",,,,,,,,,,,,,,,
SİVAS,1990,SİVAS,"20,7","20,6","20,7",,,,,,,,,,,,,,,
SİVAS,1985,SİVAS,"18,9","18,5","19,3",,,,,,,,,,,,,,,
ŞANLIURFA,2025,ŞANLIURFA,"21,8","21,3","22,3",,,,,,,,,,,,,,,
ŞANLIURFA,2024,ŞANLIURFA,"21,4","21,0","21,9",,,,,,,,,,,,,,,
ŞANLIURFA,2023,ŞANLIURFA,"21,2","20,7","21,6",,,,,,,,,,,,,,,
ŞANLIURFA,2022,ŞANLIURFA,"20,8","20,4","21,3",,,,,,,,,,,,,,,
ŞANLIURFA,2021,ŞANLIURFA,"20,6","20,1","21,1",,,,,,,,,,,,,,,
ŞANLIURFA,2020,ŞANLIURFA,"20,4","20,0","20,9",,,,,,,,,,,,,,,
ŞANLIURFA,2019,ŞANLIURFA,"20,1","19,7","20,6",,,,,,,,,,,,,,,
ŞANLIURFA,2018,ŞANLIURFA,"19,8","19,4","20,2",,,,,,,,,,,,,,,
ŞANLIURFA,2017,ŞANLIURFA,"19,6","19,2","20,1",,,,,,,,,,,,,,,
ŞANLIURFA,2016,ŞANLIURFA,"19,5","19,1","19,9",,,,,,,,,,,,,,,
ŞANLIURFA,2015,ŞANLIURFA,"19,3","18,9","19,8",,,,,,,,,,,,,,,
ŞANLIURFA,2014,ŞANLIURFA,"19,2","18,7","19,7",,,,,,,,,,,,,,,
ŞANLIURFA,2013,ŞANLIURFA,"19,0","18,5","19,5",,,,,,,,,,,,,,,
ŞANLIURFA,2012,ŞANLIURFA,"18,9","18,3","19,4",,,,,,,,,,,,,,,
ŞANLIURFA,2011,ŞANLIURFA,"18,7","18,1","19,3",,,,,,,,,,,,,,,
ŞANLIURFA,2010,ŞANLIURFA,"18,5","18,0","19,2",,,,,,,,,,,,,,,
ŞANLIURFA,2009,ŞANLIURFA,"18,4","17,9","19,0",,,,,,,,,,,,,,,
ŞANLIURFA,2008,ŞANLIURFA,"18,5","17,9","19,1",,,,,,,,,,,,,,,
ŞANLIURFA,2007,ŞANLIURFA,"18,4","17,6","19,1",,,,,,,,,,,,,,,
ŞANLIURFA,2000,ŞANLIURFA,"17,3","16,9","17,7",,,,,,,,,,,,,,,
ŞANLIURFA,1990,ŞANLIURFA,"15,9","15,5","16,3",,,,,,,,,,,,,,,
ŞANLIURFA,1985,ŞANLIURFA,"15,5","15,1","15,9",,,,,,,,,,,,,,,
ŞIRNAK,2025,ŞIRNAK,"23,3","23,3","23,3",,,,,,,,,,,,,,,
ŞIRNAK,2024,ŞIRNAK,"23,0","23,1","22,9",,,,,,,,,,,,,,,
ŞIRNAK,2023,ŞIRNAK,"22,7","22,9","22,4",,,,,,,,,,,,,,,
ŞIRNAK,2022,ŞIRNAK,"22,2","22,4","21,9",,,,,,,,,,,,,,,
ŞIRNAK,2021,ŞIRNAK,"21,6","21,7","21,4",,,,,,,,,,,,,,,
ŞIRNAK,2020,ŞIRNAK,"21,2","21,4","20,9",,,,,,,,,,,,,,,
ŞIRNAK,2019,ŞIRNAK,"20,9","21,3","20,5",,,,,,,,,,,,,,,
ŞIRNAK,2018,ŞIRNAK,"20,7","21,1","20,0",,,,,,,,,,,,,,,
ŞIRNAK,2017,ŞIRNAK,"20,1","20,5","19,6",,,,,,,,,,,,,,,
ŞIRNAK,2016,ŞIRNAK,"19,5","19,9","19,2",,,,,,,,,,,,,,,
ŞIRNAK,2015,ŞIRNAK,"19,5","19,9","19,0",,,,,,,,,,,,,,,
ŞIRNAK,2014,ŞIRNAK,"19,1","19,5","18,8",,,,,,,,,,,,,,,
ŞIRNAK,2013,ŞIRNAK,"18,7","18,9","18,5",,,,,,,,,,,,,,,
ŞIRNAK,2012,ŞIRNAK,"18,5","18,8","18,1",,,,,,,,,,,,,,,
ŞIRNAK,2011,ŞIRNAK,"18,3","18,7","17,8",,,,,,,,,,,,,,,
ŞIRNAK,2010,ŞIRNAK,"17,2","17,0","17,4",,,,,,,,,,,,,,,
ŞIRNAK,2009,ŞIRNAK,"17,5","17,9","17,0",,,,,,,,,,,,,,,
ŞIRNAK,2008,ŞIRNAK,"17,8","18,3","17,2",,,,,,,,,,,,,,,
ŞIRNAK,2007,ŞIRNAK,"17,4","17,7","17,0",,,,,,,,,,,,,,,
ŞIRNAK,2000,ŞIRNAK,"16,4","17,5","15,3",,,,,,,,,,,,,,,
ŞIRNAK,1990,ŞIRNAK,"15,0","15,2","14,8",,,,,,,,,,,,,,,
TEKİRDAĞ,2025,TEKİRDAĞ,"36,0","35,4","36,7",,,,,,,,,,,,,,,
TEKİRDAĞ,2024,TEKİRDAĞ,"35,6","35,0","36,3",,,,,,,,,,,,,,,
TEKİRDAĞ,2023,TEKİRDAĞ,"35,2","34,5","35,9",,,,,,,,,,,,,,,
TEKİRDAĞ,2022,TEKİRDAĞ,"34,9","34,3","35,5",,,,,,,,,,,,,,,
TEKİRDAĞ,2021,TEKİRDAĞ,"34,6","33,9","35,3",,,,,,,,,,,,,,,
TEKİRDAĞ,2020,TEKİRDAĞ,"34,3","33,8","34,9",,,,,,,,,,,,,,,
TEKİRDAĞ,2019,TEKİRDAĞ,"34,1","33,5","34,7",,,,,,,,,,,,,,,
TEKİRDAĞ,2018,TEKİRDAĞ,"33,8","33,3","34,3",,,,,,,,,,,,,,,
TEKİRDAĞ,2017,TEKİRDAĞ,"33,5","33,0","34,0",,,,,,,,,,,,,,,
TEKİRDAĞ,2016,TEKİRDAĞ,"33,3","32,8","33,8",,,,,,,,,,,,,,,
TEKİRDAĞ,2015,TEKİRDAĞ,"33,0","32,5","33,5",,,,,,,,,,,,,,,
TEKİRDAĞ,2014,TEKİRDAĞ,"32,7","32,2","33,3",,,,,,,,,,,,,,,
TEKİRDAĞ,2013,TEKİRDAĞ,"32,5","32,0","33,0",,,,,,,,,,,,,,,
TEKİRDAĞ,2012,TEKİRDAĞ,"32,2","31,7","32,7",,,,,,,,,,,,,,,
TEKİRDAĞ,2011,TEKİRDAĞ,"31,8","31,3","32,4",,,,,,,,,,,,,,,
TEKİRDAĞ,2010,TEKİRDAĞ,"31,8","31,5","32,1",,,,,,,,,,,,,,,
TEKİRDAĞ,2009,TEKİRDAĞ,"31,2","30,7","31,7",,,,,,,,,,,,,,,
TEKİRDAĞ,2008,TEKİRDAĞ,"30,7","30,0","31,5",,,,,,,,,,,,,,,
TEKİRDAĞ,2007,TEKİRDAĞ,"30,7","30,0","31,4",,,,,,,,,,,,,,,
TEKİRDAĞ,2000,TEKİRDAĞ,"28,6","27,7","29,6",,,,,,,,,,,,,,,
TEKİRDAĞ,1990,TEKİRDAĞ,"26,2","25,4","27,2",,,,,,,,,,,,,,,
TEKİRDAĞ,1985,TEKİRDAĞ,"24,5","24,1","25,5",,,,,,,,,,,,,,,
TOKAT,2025,TOKAT,"39,9","39,0","40,8",,,,,,,,,,,,,,,
TOKAT,2024,TOKAT,"39,4","38,5","40,2",,,,,,,,,,,,,,,
TOKAT,2023,TOKAT,"38,7","37,8","39,6",,,,,,,,,,,,,,,
TOKAT,2022,TOKAT,"37,8","36,8","38,9",,,,,,,,,,,,,,,
TOKAT,2021,TOKAT,"37,1","36,2","38,1",,,,,,,,,,,,,,,
TOKAT,2020,TOKAT,"36,6","35,6","37,6",,,,,,,,,,,,,,,
TOKAT,2019,TOKAT,"36,1","35,2","37,1",,,,,,,,,,,,,,,
TOKAT,2018,TOKAT,"35,6","34,6","36,7",,,,,,,,,,,,,,,
TOKAT,2017,TOKAT,"35,1","34,1","36,0",,,,,,,,,,,,,,,
TOKAT,2016,TOKAT,"34,6","33,7","35,5",,,,,,,,,,,,,,,
TOKAT,2015,TOKAT,"34,2","33,4","35,0",,,,,,,,,,,,,,,
TOKAT,2014,TOKAT,"33,7","32,9","34,5",,,,,,,,,,,,,,,
TOKAT,2013,TOKAT,"33,1","32,3","33,9",,,,,,,,,,,,,,,
TOKAT,2012,TOKAT,"32,5","31,8","33,2",,,,,,,,,,,,,,,
TOKAT,2011,TOKAT,"31,9","31,1","32,6",,,,,,,,,,,,,,,
TOKAT,2010,TOKAT,"30,8","29,7","31,9",,,,,,,,,,,,,,,
TOKAT,2009,TOKAT,"30,2","29,4","31,0",,,,,,,,,,,,,,,
TOKAT,2008,TOKAT,"29,9","29,2","30,7",,,,,,,,,,,,,,,
TOKAT,2007,TOKAT,"29,2","28,3","30,1",,,,,,,,,,,,,,,
TOKAT,2000,TOKAT,"23,8","23,5","24,2",,,,,,,,,,,,,,,
TOKAT,1990,TOKAT,"20,7","20,0","21,3",,,,,,,,,,,,,,,
TOKAT,1985,TOKAT,"19,4","18,7","20,1",,,,,,,,,,,,,,,
TRABZON,2025,TRABZON,"39,2","38,5","39,9",,,,,,,,,,,,,,,
TRABZON,2024,TRABZON,"38,7","37,9","39,4",,,,,,,,,,,,,,,
TRABZON,2023,TRABZON,"38,1","37,3","39,0",,,,,,,,,,,,,,,
TRABZON,2022,TRABZON,"37,4","36,5","38,3",,,,,,,,,,,,,,,
TRABZON,2021,TRABZON,"36,8","35,9","37,7",,,,,,,,,,,,,,,
TRABZON,2020,TRABZON,"36,3","35,6","37,2",,,,,,,,,,,,,,,
TRABZON,2019,TRABZON,"35,9","35,1","36,6",,,,,,,,,,,,,,,
TRABZON,2018,TRABZON,"35,5","34,8","36,3",,,,,,,,,,,,,,,
TRABZON,2017,TRABZON,"34,9","34,0","35,7",,,,,,,,,,,,,,,
TRABZON,2016,TRABZON,"34,5","33,7","35,4",,,,,,,,,,,,,,,
TRABZON,2015,TRABZON,"34,2","33,3","35,2",,,,,,,,,,,,,,,
TRABZON,2014,TRABZON,"33,8","32,9","34,7",,,,,,,,,,,,,,,
TRABZON,2013,TRABZON,"33,2","32,3","34,2",,,,,,,,,,,,,,,
TRABZON,2012,TRABZON,"32,6","31,7","33,6",,,,,,,,,,,,,,,
TRABZON,2011,TRABZON,"32,2","31,3","33,2",,,,,,,,,,,,,,,
TRABZON,2010,TRABZON,"31,7","30,8","32,7",,,,,,,,,,,,,,,
TRABZON,2009,TRABZON,"31,0","30,0","32,0",,,,,,,,,,,,,,,
TRABZON,2008,TRABZON,"30,6","29,6","31,7",,,,,,,,,,,,,,,
TRABZON,2007,TRABZON,"30,1","29,1","31,2",,,,,,,,,,,,,,,
TRABZON,2000,TRABZON,"25,7","25,1","26,2",,,,,,,,,,,,,,,
TRABZON,1990,TRABZON,"22,1","21,3","22,8",,,,,,,,,,,,,,,
TRABZON,1985,TRABZON,"20,0","19,2","20,9",,,,,,,,,,,,,,,
TUNCELİ,2025,TUNCELİ,"40,7","40,1","41,6",,,,,,,,,,,,,,,
TUNCELİ,2024,TUNCELİ,"39,9","39,1","40,8",,,,,,,,,,,,,,,
TUNCELİ,2023,TUNCELİ,"39,2","38,2","40,4",,,,,,,,,,,,,,,
TUNCELİ,2022,TUNCELİ,"38,6","37,5","39,9",,,,,,,,,,,,,,,
TUNCELİ,2021,TUNCELİ,"38,2","36,7","40,1",,,,,,,,,,,,,,,
TUNCELİ,2020,TUNCELİ,"37,5","35,8","39,8",,,,,,,,,,,,,,,
TUNCELİ,2019,TUNCELİ,"36,5","34,4","39,2",,,,,,,,,,,,,,,
TUNCELİ,2018,TUNCELİ,"35,1","32,5","38,8",,,,,,,,,,,,,,,
TUNCELİ,2017,TUNCELİ,"34,1","31,3","37,7",,,,,,,,,,,,,,,
TUNCELİ,2016,TUNCELİ,"33,9","31,3","37,3",,,,,,,,,,,,,,,
TUNCELİ,2015,TUNCELİ,"32,4","29,6","36,2",,,,,,,,,,,,,,,
TUNCELİ,2014,TUNCELİ,"32,2","29,7","35,6",,,,,,,,,,,,,,,
TUNCELİ,2013,TUNCELİ,"31,9","29,2","35,4",,,,,,,,,,,,,,,
TUNCELİ,2012,TUNCELİ,"30,0","26,8","35,1",,,,,,,,,,,,,,,
TUNCELİ,2011,TUNCELİ,"30,1","27,1","34,9",,,,,,,,,,,,,,,
TUNCELİ,2010,TUNCELİ,"32,4","30,9","34,4",,,,,,,,,,,,,,,
TUNCELİ,2009,TUNCELİ,"29,7","27,3","34,2",,,,,,,,,,,,,,,
TUNCELİ,2008,TUNCELİ,"28,5","25,7","33,0",,,,,,,,,,,,,,,
TUNCELİ,2007,TUNCELİ,"28,2","25,9","32,1",,,,,,,,,,,,,,,
TUNCELİ,2000,TUNCELİ,"24,3","23,6","27,5",,,,,,,,,,,,,,,
TUNCELİ,1990,TUNCELİ,"20,1","20,1","20,1",,,,,,,,,,,,,,,
TUNCELİ,1985,TUNCELİ,"17,8","17,1","18,4",,,,,,,,,,,,,,,
UŞAK,2025,UŞAK,"39,6","38,9","40,2",,,,,,,,,,,,,,,
UŞAK,2024,UŞAK,"38,9","38,2","39,6",,,,,,,,,,,,,,,
UŞAK,2023,UŞAK,"38,2","37,5","39,0",,,,,,,,,,,,,,,
UŞAK,2022,UŞAK,"37,7","36,9","38,4",,,,,,,,,,,,,,,
UŞAK,2021,UŞAK,"37,3","36,5","38,1",,,,,,,,,,,,,,,
UŞAK,2020,UŞAK,"36,9","36,1","37,7",,,,,,,,,,,,,,,
UŞAK,2019,UŞAK,"36,2","35,5","37,0",,,,,,,,,,,,,,,
UŞAK,2018,UŞAK,"35,9","35,3","36,6",,,,,,,,,,,,,,,
UŞAK,2017,UŞAK,"35,5","34,8","36,2",,,,,,,,,,,,,,,
UŞAK,2016,UŞAK,"35,4","34,7","36,2",,,,,,,,,,,,,,,
UŞAK,2015,UŞAK,"35,1","34,4","35,9",,,,,,,,,,,,,,,
UŞAK,2014,UŞAK,"34,7","34,0","35,5",,,,,,,,,,,,,,,
UŞAK,2013,UŞAK,"34,3","33,6","35,1",,,,,,,,,,,,,,,
UŞAK,2012,UŞAK,"34,1","33,4","34,7",,,,,,,,,,,,,,,
UŞAK,2011,UŞAK,"33,8","33,1","34,4",,,,,,,,,,,,,,,
UŞAK,2010,UŞAK,"33,2","32,6","33,9",,,,,,,,,,,,,,,
UŞAK,2009,UŞAK,"32,7","32,1","33,4",,,,,,,,,,,,,,,
UŞAK,2008,UŞAK,"32,3","31,7","33,0",,,,,,,,,,,,,,,
UŞAK,2007,UŞAK,"31,9","31,2","32,6",,,,,,,,,,,,,,,
UŞAK,2000,UŞAK,"28,4","28,1","28,8",,,,,,,,,,,,,,,
UŞAK,1990,UŞAK,"25,5","25,4","25,5",,,,,,,,,,,,,,,
UŞAK,1985,UŞAK,"23,3","22,9","23,7",,,,,,,,,,,,,,,
VAN,2025,VAN,"26,1","25,9","26,3",,,,,,,,,,,,,,,
VAN,2024,VAN,"25,5","25,4","25,7",,,,,,,,,,,,,,,
VAN,2023,VAN,"24,9","24,7","25,0",,,,,,,,,,,,,,,
VAN,2022,VAN,"24,2","24,1","24,3",,,,,,,,,,,,,,,
VAN,2021,VAN,"23,6","23,6","23,7",,,,,,,,,,,,,,,
VAN,2020,VAN,"23,0","23,0","23,1",,,,,,,,,,,,,,,
VAN,2019,VAN,"22,6","22,5","22,6",,,,,,,,,,,,,,,
VAN,2018,VAN,"22,1","22,1","22,1",,,,,,,,,,,,,,,
VAN,2017,VAN,"21,6","21,6","21,7",,,,,,,,,,,,,,,
VAN,2016,VAN,"21,2","21,2","21,2",,,,,,,,,,,,,,,
VAN,2015,VAN,"20,9","20,9","20,9",,,,,,,,,,,,,,,
VAN,2014,VAN,"20,5","20,5","20,5",,,,,,,,,,,,,,,
VAN,2013,VAN,"20,0","19,9","20,1",,,,,,,,,,,,,,,
VAN,2012,VAN,"19,8","19,7","19,8",,,,,,,,,,,,,,,
VAN,2011,VAN,"19,5","19,5","19,5",,,,,,,,,,,,,,,
VAN,2010,VAN,"18,9","18,7","19,2",,,,,,,,,,,,,,,
VAN,2009,VAN,"18,8","18,7","18,8",,,,,,,,,,,,,,,
VAN,2008,VAN,"18,7","18,7","18,7",,,,,,,,,,,,,,,
VAN,2007,VAN,"18,4","18,2","18,6",,,,,,,,,,,,,,,
VAN,2000,VAN,"16,1","15,6","16,6",,,,,,,,,,,,,,,
VAN,1990,VAN,"14,5","14,0","15,1",,,,,,,,,,,,,,,
VAN,1985,VAN,"14,1","13,6","14,6",,,,,,,,,,,,,,,
YALOVA,2025,YALOVA,"37,5","36,4","38,5",,,,,,,,,,,,,,,
YALOVA,2024,YALOVA,"37,2","36,1","38,2",,,,,,,,,,,,,,,
YALOVA,2023,YALOVA,"36,9","35,9","37,9",,,,,,,,,,,,,,,
YALOVA,2022,YALOVA,"36,7","35,7","37,7",,,,,,,,,,,,,,,
YALOVA,2021,YALOVA,"36,4","35,3","37,5",,,,,,,,,,,,,,,
YALOVA,2020,YALOVA,"36,3","35,2","37,4",,,,,,,,,,,,,,,
YALOVA,2019,YALOVA,"35,9","35,0","36,9",,,,,,,,,,,,,,,
YALOVA,2018,YALOVA,"35,7","34,7","36,7",,,,,,,,,,,,,,,
YALOVA,2017,YALOVA,"35,7","34,7","36,6",,,,,,,,,,,,,,,
YALOVA,2016,YALOVA,"35,5","34,6","36,3",,,,,,,,,,,,,,,
YALOVA,2015,YALOVA,"35,3","34,6","36,1",,,,,,,,,,,,,,,
YALOVA,2014,YALOVA,"35,1","34,2","35,9",,,,,,,,,,,,,,,
YALOVA,2013,YALOVA,"34,6","33,8","35,5",,,,,,,,,,,,,,,
YALOVA,2012,YALOVA,"34,4","33,6","35,2",,,,,,,,,,,,,,,
YALOVA,2011,YALOVA,"34,2","33,5","34,8",,,,,,,,,,,,,,,
YALOVA,2010,YALOVA,"33,7","33,0","34,4",,,,,,,,,,,,,,,
YALOVA,2009,YALOVA,"33,1","32,4","33,8",,,,,,,,,,,,,,,
YALOVA,2008,YALOVA,"32,7","31,9","33,4",,,,,,,,,,,,,,,
YALOVA,2007,YALOVA,"32,7","32,1","33,2",,,,,,,,,,,,,,,
YALOVA,2000,YALOVA,"28,7","28,0","29,5",,,,,,,,,,,,,,,
YOZGAT,2025,YOZGAT,"38,4","37,6","39,2",,,,,,,,,,,,,,,
YOZGAT,2024,YOZGAT,"37,8","37,1","38,5",,,,,,,,,,,,,,,
YOZGAT,2023,YOZGAT,"37,2","36,6","37,7",,,,,,,,,,,,,,,
YOZGAT,2022,YOZGAT,"36,4","35,8","37,0",,,,,,,,,,,,,,,
YOZGAT,2021,YOZGAT,"35,6","35,1","36,2",,,,,,,,,,,,,,,
YOZGAT,2020,YOZGAT,"35,0","34,3","35,8",,,,,,,,,,,,,,,
YOZGAT,2019,YOZGAT,"34,6","33,9","35,3",,,,,,,,,,,,,,,
YOZGAT,2018,YOZGAT,"34,2","33,5","35,0",,,,,,,,,,,,,,,
YOZGAT,2017,YOZGAT,"33,6","32,8","34,4",,,,,,,,,,,,,,,
YOZGAT,2016,YOZGAT,"33,2","32,3","34,1",,,,,,,,,,,,,,,
YOZGAT,2015,YOZGAT,"32,8","31,9","33,7",,,,,,,,,,,,,,,
YOZGAT,2014,YOZGAT,"32,1","31,2","33,0",,,,,,,,,,,,,,,
YOZGAT,2013,YOZGAT,"31,2","30,3","32,1",,,,,,,,,,,,,,,
YOZGAT,2012,YOZGAT,"30,5","29,6","31,4",,,,,,,,,,,,,,,
YOZGAT,2011,YOZGAT,"29,8","29,1","30,6",,,,,,,,,,,,,,,
YOZGAT,2010,YOZGAT,"29,1","28,5","29,8",,,,,,,,,,,,,,,
YOZGAT,2009,YOZGAT,"28,4","27,7","29,1",,,,,,,,,,,,,,,
YOZGAT,2008,YOZGAT,"27,8","27,1","28,6",,,,,,,,,,,,,,,
YOZGAT,2007,YOZGAT,"27,4","26,8","28,0",,,,,,,,,,,,,,,
YOZGAT,2000,YOZGAT,"22,5","22,0","22,9",,,,,,,,,,,,,,,
YOZGAT,1990,YOZGAT,"19,5","18,9","20,0",,,,,,,,,,,,,,,
YOZGAT,1985,YOZGAT,"18,4","17,5","19,2",,,,,,,,,,,,,,,
ZONGULDAK,2025,ZONGULDAK,"42,3","41,2","43,4",,,,,,,,,,,,,,,
ZONGULDAK,2024,ZONGULDAK,"41,7","40,6","42,8",,,,,,,,,,,,,,,
ZONGULDAK,2023,ZONGULDAK,"40,9","39,8","42,0",,,,,,,,,,,,,,,
ZONGULDAK,2022,ZONGULDAK,"40,4","39,4","41,5",,,,,,,,,,,,,,,
ZONGULDAK,2021,ZONGULDAK,"39,8","38,8","40,8",,,,,,,,,,,,,,,
ZONGULDAK,2020,ZONGULDAK,"39,3","38,2","40,3",,,,,,,,,,,,,,,
ZONGULDAK,2019,ZONGULDAK,"38,4","37,5","39,5",,,,,,,,,,,,,,,
ZONGULDAK,2018,ZONGULDAK,"37,7","36,8","38,7",,,,,,,,,,,,,,,
ZONGULDAK,2017,ZONGULDAK,"37,4","36,6","38,2",,,,,,,,,,,,,,,
ZONGULDAK,2016,ZONGULDAK,"36,9","36,1","37,7",,,,,,,,,,,,,,,
ZONGULDAK,2015,ZONGULDAK,"36,4","35,6","37,3",,,,,,,,,,,,,,,
ZONGULDAK,2014,ZONGULDAK,"35,7","34,9","36,6",,,,,,,,,,,,,,,
ZONGULDAK,2013,ZONGULDAK,"35,1","34,3","36,0",,,,,,,,,,,,,,,
ZONGULDAK,2012,ZONGULDAK,"34,4","33,7","35,3",,,,,,,,,,,,,,,
ZONGULDAK,2011,ZONGULDAK,"33,8","33,0","34,6",,,,,,,,,,,,,,,
ZONGULDAK,2010,ZONGULDAK,"33,0","32,1","34,0",,,,,,,,,,,,,,,
ZONGULDAK,2009,ZONGULDAK,"32,5","31,7","33,3",,,,,,,,,,,,,,,
ZONGULDAK,2008,ZONGULDAK,"32,1","31,3","32,9",,,,,,,,,,,,,,,
ZONGULDAK,2007,ZONGULDAK,"31,6","30,8","32,5",,,,,,,,,,,,,,,
ZONGULDAK,2000,ZONGULDAK,"27,5","27,2","27,9",,,,,,,,,,,,,,,
ZONGULDAK,1990,ZONGULDAK,"22,6","22,3","22,8",,,,,,,,,,,,,,,
ZONGULDAK,1985,ZONGULDAK,"20,8","20,6","20,8",,,,,,,,,,,,,,,
