province,year,Okuma Yazma Bilmeyen,Okuma Yazma Bilen Fakat Bir Okul Bitirmeyen,İlkokul,Ortaokul veya Dengi Meslek Okulu,İlköğretim,Lise veya Dengi Meslek Okulu,Yüksekokul veya Fakülte,Yüksek Lisans ve Üzeri,Bilinmeyen,Toplam
ADANA,2008,153.345,399.323,469.036,84.299,191.137,300.221,93.801,6.210,113.833,1.811.205
ADANA,2013,84.011,419.406,384.986,86.095,362.663,353.256,175.254,12.932,35.860,1.914.463
ADANA,2018,69.416,225.989,482.828,276.736,233.511,410.691,245.469,25.629,12.935,1.983.204
ADANA,2023,58.357,219.571,441.425,384.900,132.788,484.355,310.054,41.429,11.598,2.084.477
ADIYAMAN,2008,70.930,140.760,107.482,16.956,67.115,62.867,13.952,609,31.050,511.721
ADIYAMAN,2013,39.496,129.338,96.615,16.647,120.358,77.191,36.082,1.912,6.592,524.231
ADIYAMAN,2018,33.580,67.705,131.601,80.366,75.623,94.520,57.219,4.760,2.521,547.895
ADIYAMAN,2023,25.987,63.876,114.013,110.586,39.266,114.510,66.693,7.597,1.965,544.493
AFYONKARAHİSAR,2008,48.679,128.258,228.018,26.293,69.829,82.334,23.466,1.820,21.740,630.437
AFYONKARAHİSAR,2013,22.840,122.198,188.581,26.664,127.763,97.988,45.137,3.908,4.196,639.275
AFYONKARAHİSAR,2018,16.772,65.401,204.244,85.020,88.582,118.642,63.534,7.122,4.441,653.758
AFYONKARAHİSAR,2023,13.423,63.591,188.285,127.329,53.341,146.778,83.418,11.864,8.533,696.562
AĞRI,2008,69.662,176.398,57.624,5.175,33.812,27.576,5.404,527,73.870,450.048
AĞRI,2013,39.861,187.443,64.713,7.454,81.466,39.296,18.341,1.113,23.896,463.583
AĞRI,2018,32.604,92.427,119.521,74.920,53.354,49.207,29.596,2.093,4.711,458.433
AĞRI,2023,25.823,77.031,105.131,100.880,23.736,71.577,39.948,4.749,2.098,450.973
AKSARAY,2008,31.010,74.141,104.329,11.220,41.979,35.194,11.064,615,20.628,330.180
AKSARAY,2013,18.061,70.758,88.859,12.332,75.200,44.869,21.506,1.910,4.362,337.857
AKSARAY,2018,14.503,39.052,101.849,49.350,53.969,59.660,32.699,3.712,4.822,359.616
AKSARAY,2023,12.279,40.203,97.903,78.312,32.468,76.270,44.935,6.852,12.254,401.476
AMASYA,2008,21.656,59.860,95.430,12.249,32.176,42.760,14.956,597,18.436,298.120
AMASYA,2013,11.335,52.164,82.279,12.320,53.185,49.837,27.502,1.657,6.053,296.332
AMASYA,2018,9.370,28.719,89.707,38.872,34.493,63.546,40.111,3.679,1.498,309.995
AMASYA,2023,7.113,26.396,83.062,50.315,22.756,73.042,48.656,5.495,2.486,319.321
ANKARA,2008,154.348,687.275,977.183,245.614,387.537,930.776,442.315,60.837,260.789,4.146.674
ANKARA,2013,107.207,703.626,806.008,237.383,710.545,1.046.749,721.875,115.254,131.312,4.579.959
ANKARA,2018,89.941,382.490,1.003.574,612.567,428.692,1.209.863,974.756,174.002,39.089,4.914.974
ANKARA,2023,82.790,403.068,945.030,798.225,229.884,1.424.607,1.232.553,249.130,53.231,5.418.518
ANTALYA,2008,83.612,305.486,539.306,75.481,168.374,273.733,113.052,6.005,112.781,1.677.830
ANTALYA,2013,25.748,355.957,449.695,79.253,358.055,360.848,212.628,15.321,61.224,1.918.729
ANTALYA,2018,23.081,207.984,532.280,270.902,255.012,471.787,321.905,31.512,27.349,2.141.812
ANTALYA,2023,26.304,214.875,509.957,407.856,147.044,647.059,451.974,54.840,51.563,2.511.472
ARDAHAN,2008,10.827,25.184,26.292,2.911,12.452,11.990,2.592,190,9.088,101.526
ARDAHAN,2013,6.909,19.242,22.876,3.346,18.702,12.826,6.092,385,3.030,93.408
ARDAHAN,2018,5.373,8.771,25.059,12.807,12.156,15.977,8.450,897,880,90.370
ARDAHAN,2023,3.968,7.643,20.966,16.553,6.434,18.471,10.356,1.429,556,86.376
ARTVİN,2008,11.301,27.904,47.708,7.950,14.589,27.549,7.024,317,9.969,154.311
ARTVİN,2013,6.177,24.834,38.237,8.111,26.619,33.102,15.274,960,4.012,157.326
ARTVİN,2018,5.276,13.254,40.899,20.899,15.914,41.198,21.978,1.855,698,161.971
ARTVİN,2023,3.849,12.158,35.867,24.070,9.679,46.570,27.133,2.905,487,162.718
AYDIN,2008,68.265,161.693,319.426,32.508,87.643,119.872,49.074,2.249,47.282,888.012
AYDIN,2013,24.715,167.595,274.839,35.061,174.373,149.846,89.391,6.299,12.612,934.731
AYDIN,2018,19.070,97.174,294.277,120.416,123.669,195.605,133.656,12.917,8.826,1.005.610
AYDIN,2023,16.037,94.013,273.305,178.361,77.305,241.391,174.165,21.208,11.489,1.087.274
BALIKESİR,2008,68.878,175.882,389.976,48.273,97.267,157.114,60.906,3.308,50.545,1.052.149
BALIKESİR,2013,31.362,172.582,334.777,48.729,176.508,190.522,106.528,7.084,13.478,1.081.570
BALIKESİR,2018,23.303,96.399,349.594,134.258,118.607,236.740,155.825,13.608,9.067,1.137.401
BALIKESİR,2023,18.592,90.582,321.066,181.583,76.028,276.591,203.053,22.942,11.608,1.202.045
BARTIN,2008,17.763,33.019,61.625,5.216,18.644,19.182,6.714,374,9.051,171.588
BARTIN,2013,9.653,32.371,46.645,5.225,38.905,24.736,13.368,985,3.679,175.567
BARTIN,2018,7.591,19.675,50.783,21.956,29.612,34.205,18.292,1.848,1.298,185.260
BARTIN,2023,5.701,17.933,47.700,30.050,20.588,44.993,24.651,3.082,1.787,196.485
BATMAN,2008,64.688,151.780,49.958,7.794,49.236,42.153,8.704,513,33.268,408.094
BATMAN,2013,34.365,160.652,51.156,10.549,107.062,58.214,28.395,1.605,12.036,464.034
BATMAN,2018,29.347,85.356,109.248,82.006,74.737,76.570,48.508,4.024,3.889,513.685
BATMAN,2023,23.446,81.279,97.203,129.315,35.773,126.618,65.097,8.913,2.634,570.278
BAYBURT,2008,6.045,15.959,19.473,1.897,9.104,9.024,2.336,121,4.256,68.215
BAYBURT,2013,3.881,12.744,14.825,2.324,14.939,12.315,5.553,381,1.431,68.393
BAYBURT,2018,3.428,7.170,18.456,9.379,9.534,17.311,7.914,866,848,74.906
BAYBURT,2023,2.535,6.685,16.731,12.511,5.713,22.079,11.616,1.688,784,80.342
BİLECİK,2008,7.454,29.178,68.319,8.873,16.321,31.725,8.550,371,6.748,177.539
BİLECİK,2013,5.026,27.446,53.525,8.649,35.159,41.226,18.009,1.240,1.876,192.156
BİLECİK,2018,3.633,14.084,56.522,25.903,24.586,49.403,26.092,2.234,891,203.348
BİLECİK,2023,3.036,14.724,52.159,33.447,14.554,57.112,32.631,3.631,1.633,212.927
BİNGÖL,2008,37.286,67.535,39.488,5.164,27.098,25.821,5.287,282,16.983,224.944
BİNGÖL,2013,20.775,64.698,36.887,5.398,52.790,33.097,15.568,998,4.785,234.996
BİNGÖL,2018,15.992,35.082,53.881,33.391,35.934,45.902,25.423,2.258,1.284,249.147
BİNGÖL,2023,11.990,30.270,43.926,48.076,17.470,68.760,32.670,4.340,1.116,258.618
BİTLİS,2008,46.658,100.145,39.622,6.022,30.089,26.794,6.024,331,20.306,275.991
BİTLİS,2013,22.337,102.809,39.143,6.625,60.497,34.210,16.215,909,5.817,288.562
BİTLİS,2018,17.579,51.172,69.882,47.269,42.723,42.355,27.416,1.978,1.064,301.438
BİTLİS,2023,13.597,46.126,60.234,72.385,20.458,65.061,34.266,4.396,1.160,317.683
BOLU,2008,14.951,43.945,87.766,9.630,23.787,43.246,13.735,943,10.355,248.358
BOLU,2013,10.902,39.853,70.238,9.641,44.434,53.208,25.937,2.617,4.494,261.324
BOLU,2018,8.606,22.641,77.188,32.114,30.163,68.499,37.482,4.798,1.504,282.995
BOLU,2023,6.744,22.118,73.353,42.183,21.286,80.918,48.541,6.992,3.600,305.735
BURDUR,2008,15.183,39.154,91.419,9.769,20.769,32.304,11.915,477,7.771,228.761
BURDUR,2013,7.980,38.431,74.582,9.512,39.470,41.294,21.987,1.505,3.596,238.357
BURDUR,2018,5.976,20.855,76.819,29.060,27.053,51.360,32.608,3.581,1.572,248.884
BURDUR,2023,4.746,19.459,70.342,38.992,17.804,61.588,40.470,5.407,2.645,261.453
BURSA,2008,112.071,413.132,730.087,138.411,232.118,389.063,132.117,9.221,116.282,2.272.502
BURSA,2013,78.163,409.292,574.846,129.750,479.188,482.124,245.613,19.653,56.838,2.475.467
BURSA,2018,62.494,231.534,673.984,367.252,337.757,591.122,364.581,35.017,24.013,2.687.754
BURSA,2023,53.923,243.772,642.159,517.746,210.798,733.495,489.247,56.561,31.644,2.979.345
ÇANAKKALE,2008,26.056,70.061,174.053,17.275,38.343,70.217,25.866,1.788,20.765,444.424
ÇANAKKALE,2013,9.194,71.190,152.481,18.246,70.258,88.176,50.158,4.573,4.568,468.844
ÇANAKKALE,2018,6.731,41.769,156.327,54.653,48.338,107.610,74.074,8.442,2.489,500.433
ÇANAKKALE,2023,5.734,38.849,144.784,74.831,30.640,127.617,99.650,14.413,2.793,539.311
ÇANKIRI,2008,15.340,30.662,53.364,7.722,17.533,22.602,6.706,444,7.497,161.870
ÇANKIRI,2013,9.693,29.155,48.850,8.294,32.025,30.859,13.875,1.111,2.509,176.371
ÇANKIRI,2018,7.661,17.018,57.335,24.844,24.223,41.495,20.594,1.965,1.094,196.229
ÇANKIRI,2023,5.623,15.160,50.573,29.950,14.217,46.753,24.703,3.135,2.479,192.593
ÇORUM,2008,54.424,102.643,164.383,15.496,55.679,53.869,18.428,811,33.060,498.793
ÇORUM,2013,28.025,99.250,133.728,16.581,98.096,63.967,36.210,2.328,8.894,487.079
ÇORUM,2018,22.487,54.875,143.647,59.861,62.583,83.386,49.576,4.494,3.500,484.409
ÇORUM,2023,17.585,49.054,133.412,79.731,40.820,99.736,63.822,7.572,4.774,496.506
DENİZLİ,2008,57.236,148.520,303.620,34.092,80.034,118.783,44.792,2.190,48.388,837.655
DENİZLİ,2013,16.806,162.383,246.966,34.936,172.753,150.018,81.179,6.656,9.963,881.660
DENİZLİ,2018,12.997,89.085,264.557,115.748,119.822,194.781,120.809,11.790,7.190,936.779
DENİZLİ,2023,12.169,85.018,242.650,161.452,77.578,227.239,154.213,18.834,9.888,989.041
DİYARBAKIR,2008,222.863,454.314,161.207,25.139,143.132,136.030,30.091,2.593,100.742,1.276.111
DİYARBAKIR,2013,115.309,485.766,164.544,28.415,287.077,168.308,85.132,5.630,34.083,1.374.264
DİYARBAKIR,2018,100.430,280.241,313.456,225.032,191.305,214.626,140.680,13.256,4.324,1.483.350
DİYARBAKIR,2023,80.438,260.852,289.530,361.080,85.271,313.927,183.104,24.956,2.936,1.602.094
DÜZCE,2008,19.064,63.444,103.245,10.877,31.239,42.423,11.928,789,15.292,298.301
DÜZCE,2013,12.550,59.085,78.035,11.135,68.084,57.315,25.816,2.097,5.889,320.006
DÜZCE,2018,10.152,32.737,90.459,43.822,48.645,76.768,41.198,4.208,2.157,350.146
DÜZCE,2023,8.412,33.545,85.306,62.476,32.823,93.584,53.807,6.650,3.967,380.570
EDİRNE,2008,24.719,58.317,134.954,17.547,31.723,63.303,21.254,1.579,16.363,369.759
EDİRNE,2013,12.864,54.271,114.559,17.005,54.749,72.615,37.380,3.921,4.913,372.277
EDİRNE,2018,9.504,29.641,115.934,43.896,40.994,86.206,49.518,6.299,1.995,383.987
EDİRNE,2023,7.274,26.771,105.443,57.136,26.064,98.382,62.496,9.496,4.800,397.862
ELAZIĞ,2008,63.007,110.957,104.646,21.116,56.798,81.115,20.733,1.850,34.285,494.507
ELAZIĞ,2013,25.443,122.086,92.299,21.363,98.118,91.725,47.411,4.912,11.600,514.957
ELAZIĞ,2018,21.560,71.863,120.576,72.190,61.006,113.396,67.432,8.947,3.228,540.198
ELAZIĞ,2023,17.062,64.801,105.163,101.839,33.605,134.267,85.280,13.931,4.166,560.114
ERZİNCAN,2008,18.474,39.474,51.407,8.789,20.685,31.746,8.776,661,12.397,192.409
ERZİNCAN,2013,13.077,34.231,41.407,8.356,35.776,40.580,20.551,1.791,5.270,201.039
ERZİNCAN,2018,10.296,19.917,49.887,26.376,22.679,49.957,29.675,3.207,2.786,214.780
ERZİNCAN,2023,8.010,19.189,46.605,34.121,13.120,59.547,38.113,5.050,3.326,227.081
ERZURUM,2008,73.912,181.464,151.854,22.502,74.195,94.242,25.995,2.695,56.715,683.574
ERZURUM,2013,45.547,167.640,130.505,22.735,126.557,108.412,54.376,5.789,18.443,680.004
ERZURUM,2018,36.477,82.130,169.491,96.955,75.900,133.003,73.482,10.634,4.910,682.982
ERZURUM,2023,28.728,76.462,150.470,123.614,36.073,156.602,93.421,16.192,3.452,685.014
ESKİŞEHİR,2008,24.714,101.136,213.934,41.762,57.777,155.386,50.138,4.570,39.473,688.890
ESKİŞEHİR,2013,17.325,97.220,170.974,38.348,112.877,174.068,97.657,11.812,19.457,739.738
ESKİŞEHİR,2018,14.066,53.740,193.707,94.867,72.977,206.616,130.342,18.247,7.213,791.775
ESKİŞEHİR,2023,12.273,56.818,179.549,122.207,46.503,235.307,166.411,26.703,14.531,860.302
GAZİANTEP,2008,131.406,403.108,346.182,43.674,163.926,140.400,41.735,2.787,104.087,1.377.305
GAZİANTEP,2013,69.132,437.146,307.027,50.518,382.219,193.174,97.459,8.152,26.696,1.571.523
GAZİANTEP,2018,59.684,239.866,450.317,257.168,286.498,257.767,153.954,16.245,14.254,1.735.753
GAZİANTEP,2023,50.349,248.032,428.158,419.859,157.360,357.259,220.680,29.644,13.316,1.924.657
GİRESUN,2008,47.765,79.262,104.313,16.632,39.813,58.141,16.978,799,26.645,390.348
GİRESUN,2013,21.661,82.718,88.945,17.389,65.984,69.889,34.172,2.261,12.129,395.148
GİRESUN,2018,20.213,51.035,107.866,52.590,43.442,88.015,49.842,4.398,3.601,421.002
GİRESUN,2023,16.318,45.122,101.772,66.126,30.123,100.299,65.162,7.334,4.749,437.005
GÜMÜŞHANE,2008,10.444,25.509,33.185,5.221,14.201,17.885,4.349,191,8.782,119.767
GÜMÜŞHANE,2013,6.292,24.162,27.886,5.092,23.183,26.786,10.965,863,4.557,129.786
GÜMÜŞHANE,2018,5.669,15.844,34.805,16.992,16.898,34.791,18.893,1.660,3.542,149.094
GÜMÜŞHANE,2023,4.178,13.320,30.100,19.899,9.766,37.404,19.752,2.555,2.780,139.754
HAKKARİ,2008,38.201,73.301,18.329,3.249,28.145,28.097,4.568,388,24.531,218.809
HAKKARİ,2013,19.238,75.894,23.980,4.141,55.258,37.377,14.524,735,7.098,238.245
HAKKARİ,2018,14.535,39.116,47.409,35.615,37.041,48.702,27.236,1.287,2.579,253.520
HAKKARİ,2023,9.058,31.507,33.900,59.874,9.827,77.392,32.365,2.724,2.282,258.929
HATAY,2008,111.481,295.477,364.212,45.654,142.531,158.911,47.133,2.566,74.111,1.242.076
HATAY,2013,35.258,341.656,305.834,47.166,267.990,189.758,99.898,5.658,29.583,1.322.801
HATAY,2018,29.290,198.288,392.326,201.494,181.189,236.952,149.513,12.311,21.358,1.422.721
HATAY,2023,24.942,177.347,345.573,274.043,98.451,269.324,178.040,19.470,16.675,1.403.865
IĞDIR,2008,24.820,50.710,23.018,3.818,17.334,18.635,4.085,285,18.340,161.045
IĞDIR,2013,14.160,49.584,23.711,4.442,34.543,21.591,10.596,678,5.817,165.122
IĞDIR,2018,11.500,26.503,37.925,25.688,24.758,26.065,16.074,1.355,2.212,172.080
IĞDIR,2023,9.653,25.598,36.064,38.713,12.942,39.172,22.853,2.985,1.638,189.618
ISPARTA,2008,21.360,62.120,126.006,16.046,36.034,68.322,23.109,1.879,19.418,374.294
ISPARTA,2013,12.323,60.789,100.152,15.730,62.263,79.484,41.305,3.670,8.035,383.751
ISPARTA,2018,9.694,32.534,107.120,46.155,38.404,102.325,56.397,7.824,3.004,403.457
ISPARTA,2023,8.216,31.166,98.275,60.862,24.348,110.156,72.174,12.026,4.906,422.129
İSTANBUL,2008,463.279,2.185.433,3.204.062,605.488,1.121.072,2.044.677,808.981,111.688,903.213,11.447.893
İSTANBUL,2013,312.010,2.191.646,2.479.882,598.649,2.370.352,2.496.841,1.518.682,211.968,521.110,12.701.140
İSTANBUL,2018,257.881,1.160.991,2.983.092,1.778.386,1.586.020,2.871.545,2.176.161,343.921,122.234,13.280.231
İSTANBUL,2023,233.038,1.176.424,2.732.619,2.431.395,829.613,3.623.528,2.838.481,490.989,187.099,14.543.186
İZMİR,2008,166.484,574.853,1.077.920,190.770,330.330,640.821,279.028,22.954,213.990,3.497.150
İZMİR,2013,70.114,593.640,907.135,187.282,640.698,754.981,470.372,48.040,54.320,3.726.582
İZMİR,2018,55.689,338.816,989.776,485.335,439.453,883.929,662.614,81.705,25.939,3.963.256
İZMİR,2023,50.289,328.699,892.146,669.414,246.448,1.047.469,828.479,120.349,25.858,4.209.151
KAHRAMANMARAŞ,2008,97.569,226.848,235.710,33.068,108.745,111.467,29.978,2.002,54.099,899.486
KAHRAMANMARAŞ,2013,58.259,231.797,195.361,33.657,201.154,133.976,62.583,4.151,21.638,942.576
KAHRAMANMARAŞ,2018,48.957,125.270,259.938,150.003,140.322,172.612,95.936,9.937,9.225,1.012.200
KAHRAMANMARAŞ,2023,39.837,114.152,230.475,205.419,80.543,202.267,122.471,15.334,8.207,1.018.705
KARABÜK,2008,17.123,36.246,66.114,10.360,19.942,31.844,10.842,504,7.278,200.253
KARABÜK,2013,12.387,32.234,50.686,9.654,37.757,45.875,21.341,1.845,2.813,214.592
KARABÜK,2018,9.898,17.613,55.602,26.614,23.907,57.047,30.990,3.211,815,225.697
KARABÜK,2023,7.595,16.853,51.856,33.659,16.820,66.780,40.265,5.636,1.955,241.419
KARAMAN,2008,13.807,42.297,76.941,6.972,24.707,26.490,8.810,310,7.356,207.690
KARAMAN,2013,6.147,39.891,60.116,6.687,49.345,31.329,17.709,1.157,2.827,215.208
KARAMAN,2018,4.843,20.477,65.199,29.526,35.304,40.901,25.818,2.428,2.299,226.795
KARAMAN,2023,4.232,20.355,60.516,42.397,22.049,52.774,33.923,4.782,3.350,244.378
KARS,2008,30.622,73.663,57.882,7.761,31.248,31.932,7.003,608,34.316,275.035
KARS,2013,19.235,67.251,51.156,8.462,55.327,34.188,16.688,1.139,10.094,263.540
KARS,2018,15.057,31.890,65.642,37.557,36.167,41.940,22.724,2.336,2.721,256.034
KARS,2023,11.695,27.516,56.402,52.660,16.750,52.176,31.099,4.123,1.492,253.913
KASTAMONU,2008,44.166,60.503,115.747,12.674,33.667,40.737,13.165,699,12.477,333.835
KASTAMONU,2013,25.899,61.308,101.077,12.457,56.700,50.051,28.351,1.967,4.005,341.815
KASTAMONU,2018,18.969,36.605,111.792,39.894,40.287,63.965,37.549,3.683,1.431,354.175
KASTAMONU,2023,14.212,32.444,106.543,54.417,27.943,77.786,47.121,6.079,1.710,368.255
KAYSERİ,2008,66.524,219.109,303.454,45.181,107.905,169.007,55.880,3.725,84.084,1.054.869
KAYSERİ,2013,35.727,231.166,262.107,48.704,226.630,209.697,109.392,10.595,21.759,1.155.777
KAYSERİ,2018,30.662,125.543,320.163,167.726,150.804,261.229,157.559,17.632,11.740,1.243.058
KAYSERİ,2023,26.887,123.313,296.006,238.368,85.890,315.981,206.510,28.094,15.462,1.336.511
KIRIKKALE,2008,19.123,47.994,67.907,16.163,27.418,48.782,11.898,802,16.176,256.263
KIRIKKALE,2013,10.785,42.916,52.874,16.209,45.327,58.220,22.849,1.667,1.804,252.651
KIRIKKALE,2018,8.345,21.025,59.623,35.995,26.367,71.509,32.105,3.322,1.105,259.396
KIRIKKALE,2023,6.362,20.829,53.586,45.629,15.853,78.122,39.233,5.049,3.856,268.519
KIRKLARELİ,2008,13.347,48.959,117.536,16.926,28.981,57.892,17.353,805,13.604,315.403
KIRKLARELİ,2013,8.633,42.179,91.482,15.934,54.483,67.498,32.216,2.139,4.216,318.780
KIRKLARELİ,2018,6.182,22.271,95.524,39.814,40.920,80.840,44.813,4.088,1.758,336.210
KIRKLARELİ,2023,4.879,22.446,88.638,52.922,27.424,93.084,58.256,6.449,2.127,356.225
KIRŞEHİR,2008,17.696,39.067,62.107,9.808,22.171,34.200,9.678,506,9.232,204.465
KIRŞEHİR,2013,9.059,36.075,50.055,9.915,36.387,40.692,18.929,1.452,1.891,204.455
KIRŞEHİR,2018,7.097,19.553,55.822,27.117,22.112,49.200,28.090,2.723,2.047,213.761
KIRŞEHİR,2023,5.646,20.012,52.890,36.049,14.146,57.338,33.618,4.531,6.972,231.202
KİLİS,2008,12.432,28.467,27.128,3.394,12.603,11.026,3.267,144,6.953,105.414
KİLİS,2013,5.951,28.164,20.606,3.831,28.450,15.968,7.577,525,1.077,112.149
KİLİS,2018,4.450,15.057,27.800,18.498,21.696,21.390,12.636,1.069,1.788,124.384
KİLİS,2023,3.207,15.702,24.328,30.675,11.706,31.086,18.697,2.474,1.028,138.903
KOCAELİ,2008,62.883,261.063,383.177,71.628,142.575,248.643,75.520,5.490,91.811,1.342.790
KOCAELİ,2013,41.249,261.759,300.826,71.683,309.659,314.050,157.698,13.701,35.829,1.506.454
KOCAELİ,2018,33.480,155.439,383.043,238.621,221.651,397.715,244.726,25.266,10.136,1.710.077
KOCAELİ,2023,30.612,170.005,364.579,336.087,129.212,508.958,341.132,41.070,12.053,1.933.708
KONYA,2008,117.969,358.755,636.522,61.072,204.141,231.605,81.757,6.751,63.327,1.761.899
KONYA,2013,53.128,376.278,522.355,63.994,379.299,270.550,154.547,16.377,26.006,1.862.534
KONYA,2018,42.402,200.439,599.982,252.658,266.849,345.159,222.886,29.480,15.920,1.975.775
KONYA,2023,37.723,201.340,554.327,383.375,153.372,436.608,294.027,47.827,23.053,2.131.652
KÜTAHYA,2008,42.687,89.712,200.323,22.191,53.501,77.496,21.342,1.631,13.186,522.069
KÜTAHYA,2013,14.910,93.248,156.709,20.803,97.111,96.458,44.342,3.964,2.083,529.628
KÜTAHYA,2018,10.728,51.799,160.321,62.036,66.143,109.340,60.510,6.196,2.133,529.206
KÜTAHYA,2023,8.259,46.545,145.682,81.111,44.380,129.948,72.913,10.378,4.098,543.314
MALATYA,2008,66.326,143.178,146.589,32.679,74.581,112.330,31.603,1.682,50.455,659.423
MALATYA,2013,46.901,135.718,125.133,31.134,129.710,130.265,68.966,5.183,13.911,686.921
MALATYA,2018,39.383,73.270,165.565,99.916,77.068,156.702,95.634,9.883,4.782,722.203
MALATYA,2023,30.457,64.145,142.012,118.776,43.046,165.860,106.322,14.139,4.627,689.384
MANİSA,2008,97.996,224.522,473.981,40.974,120.673,149.400,50.042,2.337,45.335,1.205.260
MANİSA,2013,38.571,229.700,403.414,44.934,236.866,183.376,97.199,5.790,5.909,1.245.759
MANİSA,2018,28.694,130.017,423.082,157.375,174.274,231.288,144.733,11.414,4.502,1.305.379
MANİSA,2023,23.948,124.721,388.639,233.258,110.930,281.367,185.796,19.509,4.754,1.372.922
MARDİN,2008,108.707,222.460,92.916,12.050,75.780,63.538,11.880,847,49.854,638.032
MARDİN,2013,67.387,218.849,86.884,13.841,143.681,77.363,33.927,1.904,19.546,663.382
MARDİN,2018,57.290,116.922,158.940,108.106,94.129,98.912,58.642,4.395,9.481,706.817
MARDİN,2023,47.980,117.767,149.050,172.353,41.774,152.340,78.456,9.900,8.255,777.875
MERSİN,2008,105.467,306.166,429.138,63.190,150.926,227.985,78.269,3.940,83.111,1.448.192
MERSİN,2013,39.985,333.606,361.205,63.262,286.256,265.370,145.592,8.864,26.529,1.530.669
MERSİN,2018,33.974,187.612,431.490,216.466,190.006,321.767,210.803,18.371,13.750,1.624.239
MERSİN,2023,32.664,183.923,404.646,315.507,110.629,403.838,288.459,32.663,18.617,1.790.946
MUĞLA,2008,31.576,117.950,266.395,29.381,66.406,115.880,47.792,2.587,45.402,723.369
MUĞLA,2013,16.890,117.693,229.057,32.109,132.049,142.561,86.985,6.240,20.110,783.694
MUĞLA,2018,13.231,67.377,247.589,102.276,96.518,190.408,140.865,13.870,9.214,881.348
MUĞLA,2023,11.902,68.920,230.581,147.528,59.651,250.200,199.208,24.470,11.401,1.003.861
MUŞ,2008,59.310,132.959,44.290,5.439,31.864,23.809,4.753,250,38.499,341.173
MUŞ,2013,31.946,136.328,42.729,5.904,69.923,33.686,15.587,853,13.259,350.215
MUŞ,2018,25.725,67.234,85.372,53.821,46.487,41.755,24.178,1.931,2.399,348.902
MUŞ,2023,18.867,55.065,71.335,83.452,21.965,64.617,31.047,4.099,1.658,352.105
NEVŞEHİR,2008,18.576,51.948,90.509,11.596,28.758,33.510,10.609,511,8.130,254.147
NEVŞEHİR,2013,10.094,46.836,71.229,12.187,52.560,41.633,20.737,1.500,2.092,258.868
NEVŞEHİR,2018,7.564,23.870,77.324,35.670,34.604,54.027,29.290,2.881,2.223,267.453
NEVŞEHİR,2023,6.073,24.515,71.717,50.273,21.675,67.593,40.696,5.336,6.028,293.906
NİĞDE,2008,26.363,67.764,97.501,10.340,35.581,37.136,12.336,955,13.024,301.000
NİĞDE,2013,13.703,64.013,80.815,11.531,66.073,44.763,22.796,2.125,1.855,307.674
NİĞDE,2018,10.717,32.726,93.735,45.770,47.336,60.832,32.127,3.533,1.322,328.098
NİĞDE,2023,8.846,32.120,87.185,68.287,28.474,73.020,41.678,6.180,2.435,348.225
ORDU,2008,84.429,142.611,187.093,26.114,70.646,87.583,24.726,1.014,34.135,658.351
ORDU,2013,47.402,140.887,159.694,29.614,120.087,106.538,49.084,3.056,16.683,673.045
ORDU,2018,40.872,84.700,189.107,93.250,80.665,135.206,75.310,6.102,4.266,709.478
ORDU,2023,32.130,77.173,176.222,122.927,50.765,157.776,96.926,10.593,4.647,729.159
OSMANİYE,2008,38.429,93.304,105.958,19.423,46.837,63.445,17.289,601,25.556,410.842
OSMANİYE,2013,27.468,96.451,85.985,20.335,86.806,77.059,37.229,1.669,9.450,442.452
OSMANİYE,2018,22.214,52.228,114.282,69.347,55.463,99.244,57.071,4.244,4.499,478.592
OSMANİYE,2023,19.003,51.667,106.357,97.757,33.021,117.575,73.202,8.044,3.807,510.433
RİZE,2008,22.854,59.456,86.965,12.026,30.996,46.461,13.309,725,19.556,292.348
RİZE,2013,11.783,54.049,68.825,13.035,57.399,59.584,27.267,2.239,8.249,302.430
RİZE,2018,10.949,30.688,78.804,43.674,36.153,74.889,41.364,4.046,1.532,322.099
RİZE,2023,8.675,28.357,69.767,51.464,22.447,87.188,52.979,6.515,1.110,328.502
SAKARYA,2008,43.246,151.720,262.663,36.450,81.087,118.536,32.837,2.810,43.493,772.842
SAKARYA,2013,29.257,141.972,212.269,37.964,160.804,155.793,69.985,7.087,17.138,832.269
SAKARYA,2018,23.203,76.354,244.086,121.870,108.388,204.318,105.289,12.050,6.777,902.335
SAKARYA,2023,19.383,82.613,231.603,168.507,67.711,264.600,149.681,20.178,11.597,1.015.873
SAMSUN,2008,104.249,241.473,345.170,39.204,124.470,150.847,51.931,3.353,65.015,1.125.712
SAMSUN,2013,35.682,248.585,294.295,42.210,223.413,180.276,102.817,8.370,18.156,1.153.804
SAMSUN,2018,29.313,141.184,328.879,151.615,147.958,229.942,153.056,15.284,6.906,1.204.137
SAMSUN,2023,24.894,131.855,310.557,207.702,90.850,285.026,200.441,26.163,11.448,1.288.936
SİİRT,2008,46.675,91.864,28.337,3.993,29.292,24.807,5.920,376,18.529,249.793
SİİRT,2013,25.872,95.077,28.874,4.870,60.265,30.645,15.916,889,4.075,266.483
SİİRT,2018,21.328,49.010,59.639,44.438,38.865,41.068,26.188,2.019,1.448,284.003
SİİRT,2023,16.914,45.195,52.700,70.405,15.636,63.741,36.459,4.448,890,306.388
SİNOP,2008,21.371,37.433,62.274,6.344,20.453,21.055,8.493,290,8.418,186.131
SİNOP,2013,10.061,35.899,57.650,6.755,34.281,25.395,15.944,921,3.040,189.946
SİNOP,2018,8.350,21.012,64.282,24.041,26.339,33.465,22.434,1.940,1.731,203.594
SİNOP,2023,6.514,18.854,62.471,32.585,19.162,43.726,28.264,3.376,2.240,217.192
SİVAS,2008,55.852,120.523,146.549,24.116,64.447,90.625,23.992,1.469,42.268,569.841
SİVAS,2013,34.630,109.244,124.871,23.918,105.486,100.590,50.140,3.589,13.857,566.325
SİVAS,2018,30.490,58.287,148.937,77.399,67.862,125.612,66.995,7.487,6.450,589.519
SİVAS,2023,23.572,54.510,135.615,101.652,38.690,149.705,84.402,12.287,6.462,606.895
ŞANLIURFA,2008,210.589,532.730,169.298,17.981,113.023,82.228,19.316,1.550,153.680,1.300.395
ŞANLIURFA,2013,137.677,589.671,178.268,22.721,299.513,116.982,61.130,4.364,65.937,1.476.263
ŞANLIURFA,2018,132.476,352.749,401.106,263.159,220.698,172.696,105.027,9.316,11.541,1.668.768
ŞANLIURFA,2023,109.190,347.995,399.557,452.537,104.068,282.872,147.793,18.468,10.211,1.872.691
ŞIRNAK,2008,67.761,137.268,30.868,3.223,39.957,31.752,6.317,630,33.530,351.306
ŞIRNAK,2013,37.961,151.399,40.512,4.801,90.344,39.086,18.753,1.082,11.371,395.309
ŞIRNAK,2018,31.439,79.715,97.008,70.383,62.357,58.774,36.346,1.986,5.557,443.565
ŞIRNAK,2023,23.873,73.725,80.876,125.898,18.955,107.298,51.822,5.240,5.607,493.294
TEKİRDAĞ,2008,29.090,118.950,238.749,38.894,69.931,127.100,37.188,2.301,41.010,703.213
TEKİRDAĞ,2013,14.453,132.707,190.392,37.791,163.396,160.295,73.112,5.677,18.261,796.084
TEKİRDAĞ,2018,13.406,83.398,236.287,125.575,139.648,205.603,112.810,10.765,5.864,933.356
TEKİRDAĞ,2023,13.868,91.117,235.277,195.862,90.937,269.266,160.218,17.975,5.975,1.080.495
TOKAT,2008,61.231,121.929,171.331,19.167,63.097,71.059,21.611,1.188,31.785,562.398
TOKAT,2013,18.178,129.388,140.922,20.606,106.497,79.979,42.173,3.410,6.732,547.885
TOKAT,2018,15.474,72.051,158.139,74.168,72.110,101.526,60.523,6.057,2.362,562.410
TOKAT,2023,13.038,61.646,144.867,95.294,44.340,121.880,75.128,9.524,4.039,569.756
TRABZON,2008,61.242,138.830,176.230,29.630,73.376,126.425,40.642,2.365,37.623,686.363
TRABZON,2013,34.426,126.156,146.532,29.827,117.018,144.612,72.591,7.270,16.662,695.094
TRABZON,2018,29.370,74.534,172.079,90.276,68.087,179.610,104.561,11.786,5.871,736.174
TRABZON,2023,23.084,71.375,161.034,113.167,41.927,201.402,131.878,17.889,8.379,770.135
TUNCELİ,2008,9.271,12.520,16.702,2.801,10.191,18.818,3.880,262,6.688,81.133
TUNCELİ,2013,5.922,10.969,14.115,3.060,14.368,19.311,9.384,568,2.393,80.090
TUNCELİ,2018,5.047,6.281,15.886,8.455,9.398,21.111,13.936,1.112,975,82.201
TUNCELİ,2023,3.897,5.943,14.923,10.537,4.908,24.529,16.136,1.822,1.201,83.896
UŞAK,2008,25.904,55.240,112.234,13.896,31.016,44.292,14.044,659,9.691,306.976
UŞAK,2013,8.992,58.449,86.342,13.003,67.531,51.921,26.803,2.050,2.285,317.376
UŞAK,2018,6.744,32.623,92.930,40.089,49.528,66.634,37.509,3.698,2.782,332.537
UŞAK,2023,5.683,30.545,87.059,58.120,33.389,79.366,48.859,6.121,4.680,353.822
VAN,2008,148.973,318.282,113.123,14.045,87.152,66.160,15.672,1.679,77.025,842.111
VAN,2013,72.350,350.961,118.103,14.546,188.391,91.699,41.284,2.898,24.939,905.171
VAN,2018,58.187,185.523,225.114,152.446,133.392,121.431,71.546,7.360,4.615,959.614
VAN,2023,46.966,166.372,199.801,225.928,59.052,181.965,99.610,14.670,3.258,997.622
YALOVA,2008,7.085,31.619,52.776,11.051,17.211,32.771,11.251,652,17.664,182.080
YALOVA,2013,4.682,30.493,43.533,11.231,34.367,42.854,21.972,2.104,9.286,200.522
YALOVA,2018,4.267,17.979,53.520,30.544,23.701,53.317,33.902,3.722,3.108,224.060
YALOVA,2023,4.208,21.992,54.872,48.712,14.735,77.641,48.450,6.464,7.194,284.268
YOZGAT,2008,43.967,98.416,126.100,14.727,48.106,54.704,12.413,732,37.886,437.051
YOZGAT,2013,19.819,81.562,109.314,15.274,74.757,60.901,25.316,1.816,12.984,401.743
YOZGAT,2018,15.863,41.624,115.041,48.457,44.219,72.009,34.968,3.297,7.441,382.919
YOZGAT,2023,12.682,37.476,102.996,66.479,26.607,87.375,45.194,5.310,9.574,393.693
ZONGULDAK,2008,47.864,100.810,190.610,25.243,60.675,90.536,26.685,1.622,25.043,569.088
ZONGULDAK,2013,34.357,89.952,144.648,22.955,102.509,101.568,45.896,3.467,9.504,554.856
ZONGULDAK,2018,27.997,48.340,155.485,67.690,66.997,118.902,61.472,6.009,3.095,555.987
ZONGULDAK,2023,22.023,42.620,140.514,85.113,44.844,135.734,76.799,8.935,4.858,561.440
