year,province,party,votes,seats
2015b,Adana,akp,481851,6
2015b,Adana,chp,379690,4
2015b,Adana,mhp,248655,3
2015b,Adana,dem,153880,1
2015b,Adana,sp,8175,0
2015b,Adana,bbp,5028,0
2015b,Adana,other,2106,0
2015b,Adana,dp,1459,0
2015b,Adıyaman,akp,227154,4
2015b,Adıyaman,dem,47038,1
2015b,Adıyaman,chp,37434,0
2015b,Adıyaman,mhp,10107,0
2015b,Adıyaman,sp,2107,0
2015b,Adıyaman,bbp,1865,0
2015b,Afyonkarahisar,akp,280499,3
2015b,Afyonkarahisar,mhp,74267,1
2015b,Afyonkarahisar,chp,72110,1
2015b,Afyonkarahisar,dem,4543,0
2015b,Afyonkarahisar,sp,3472,0
2015b,Afyonkarahisar,bbp,3107,0
2015b,Afyonkarahisar,dp,1707,0
2015b,Ağrı,dem,146763,3
2015b,Ağrı,akp,61098,1
2015b,Ağrı,chp,3758,0
2015b,Ağrı,mhp,3696,0
2015b,Ağrı,bbp,1229,0
2015b,Aksaray,akp,154704,3
2015b,Aksaray,mhp,38672,0
2015b,Aksaray,chp,16548,0
2015b,Aksaray,dem,2712,0
2015b,Aksaray,bbp,1291,0
2015b,Amasya,akp,112788,2
2015b,Amasya,chp,53092,1
2015b,Amasya,mhp,44097,0
2015b,Amasya,dem,2733,0
2015b,Amasya,bbp,1413,0
2015b,Amasya,sp,1340,0
2015b,Ankara,akp,1670464,16
2015b,Ankara,chp,1037533,11
2015b,Ankara,mhp,477625,4
2015b,Ankara,dem,151116,1
2015b,Ankara,bbp,24501,0
2015b,Ankara,sp,14614,0
2015b,Ankara,other,3342,0
2015b,Ankara,dp,2569,0
2015b,Ankara,dsp,1369,0
2015b,Antalya,akp,581391,7
2015b,Antalya,chp,458023,5
2015b,Antalya,mhp,241490,2
2015b,Antalya,dem,82179,0
2015b,Antalya,sp,6469,0
2015b,Antalya,bbp,6469,0
2015b,Antalya,other,2499,0
2015b,Antalya,dp,2694,0
2015b,Ardahan,akp,20763,1
2015b,Ardahan,chp,16097,1
2015b,Ardahan,dem,12387,0
2015b,Ardahan,mhp,4965,0
2015b,Artvin,akp,49781,1
2015b,Artvin,chp,38153,1
2015b,Artvin,mhp,14582,0
2015b,Artvin,dem,2720,0
2015b,Aydın,chp,275558,3
2015b,Aydın,akp,236387,3
2015b,Aydın,mhp,106562,1
2015b,Aydın,dem,50108,0
2015b,Aydın,bbp,3255,0
2015b,Aydın,other,1242,0
2015b,Aydın,sp,2367,0
2015b,Aydın,dp,1761,0
2015b,Balıkesir,akp,374153,4
2015b,Balıkesir,chp,278829,3
2015b,Balıkesir,mhp,119116,1
2015b,Balıkesir,dem,22374,0
2015b,Balıkesir,sp,6898,0
2015b,Balıkesir,bbp,3694,0
2015b,Balıkesir,other,1958,0
2015b,Balıkesir,dp,2877,0
2015b,Bartın,akp,65827,1
2015b,Bartın,chp,36752,1
2015b,Bartın,mhp,12754,0
2015b,Bartın,sp,2407,0
2015b,Bartın,dem,1602,0
2015b,Batman,dem,178435,3
2015b,Batman,akp,77809,1
2015b,Batman,chp,4279,0
2015b,Batman,mhp,2166,0
2015b,Batman,sp,1473,0
2015b,Batman,bbp,1067,0
2015b,Bayburt,akp,33422,2
2015b,Bayburt,mhp,9471,0
2015b,Bayburt,chp,1117,0
2015b,Bilecik,akp,63394,1
2015b,Bilecik,chp,45392,1
2015b,Bilecik,mhp,18857,0
2015b,Bilecik,dem,3884,0
2015b,Bilecik,sp,1234,0
2015b,Bilecik,bbp,1017,0
2015b,Bingöl,akp,85498,2
2015b,Bingöl,dem,38714,1
2015b,Bingöl,mhp,2527,0
2015b,Bingöl,chp,2454,0
2015b,Bingöl,bbp,1096,0
2015b,Bitlis,dem,74536,2
2015b,Bitlis,akp,67686,1
2015b,Bitlis,chp,4788,0
2015b,Bitlis,mhp,3196,0
2015b,Bolu,akp,120431,2
2015b,Bolu,chp,41155,1
2015b,Bolu,mhp,20720,0
2015b,Bolu,dem,2984,0
2015b,Bolu,sp,2151,0
2015b,Bolu,bbp,1446,0
2015b,Burdur,akp,87315,2
2015b,Burdur,chp,42635,1
2015b,Burdur,mhp,33352,0
2015b,Burdur,dem,2080,0
2015b,Burdur,sp,1929,0
2015b,Burdur,bbp,1181,0
2015b,Bursa,akp,1003822,11
2015b,Bursa,chp,490316,5
2015b,Bursa,mhp,227426,2
2015b,Bursa,dem,83684,0
2015b,Bursa,sp,18896,0
2015b,Bursa,bbp,9953,0
2015b,Bursa,other,3034,0
2015b,Bursa,dp,3694,0
2015b,Bursa,dsp,1527,0
2015b,Çanakkale,akp,140903,2
2015b,Çanakkale,chp,136503,2
2015b,Çanakkale,mhp,53879,0
2015b,Çanakkale,dem,8804,0
2015b,Çanakkale,other,1528,0
2015b,Çanakkale,sp,1507,0
2015b,Çanakkale,bbp,1478,0
2015b,Çanakkale,dp,1306,0
2015b,Çankırı,akp,77511,2
2015b,Çankırı,mhp,23997,0
2015b,Çankırı,chp,6966,0
2015b,Çankırı,dem,1010,0
2015b,Çorum,akp,212382,3
2015b,Çorum,chp,76112,1
2015b,Çorum,mhp,42396,0
2015b,Çorum,dem,6786,0
2015b,Çorum,bbp,2772,0
2015b,Çorum,sp,1990,0
2015b,Denizli,akp,298947,4
2015b,Denizli,chp,221031,2
2015b,Denizli,mhp,94881,1
2015b,Denizli,dem,20111,0
2015b,Denizli,bbp,4718,0
2015b,Denizli,sp,2538,0
2015b,Denizli,other,1103,0
2015b,Denizli,dp,1699,0
2015b,Diyarbakır,dem,580294,9
2015b,Diyarbakır,akp,181456,2
2015b,Diyarbakır,chp,15921,0
2015b,Diyarbakır,other,2119,0
2015b,Diyarbakır,mhp,6520,0
2015b,Diyarbakır,bbp,2777,0
2015b,Diyarbakır,sp,2200,0
2015b,Düzce,akp,163422,3
2015b,Düzce,chp,38028,0
2015b,Düzce,mhp,19454,0
2015b,Düzce,dem,3662,0
2015b,Düzce,sp,2591,0
2015b,Düzce,bbp,1471,0
2015b,Edirne,chp,150465,2
2015b,Edirne,akp,74713,1
2015b,Edirne,mhp,28482,0
2015b,Edirne,dem,6721,0
2015b,Edirne,sp,2010,0
2015b,Edirne,other,1318,0
2015b,Elazığ,akp,224583,4
2015b,Elazığ,mhp,44845,0
2015b,Elazığ,dem,37693,0
2015b,Elazığ,chp,21256,0
2015b,Elazığ,sp,3888,0
2015b,Elazığ,bbp,1875,0
2015b,Erzincan,akp,76989,2
2015b,Erzincan,chp,37338,0
2015b,Erzincan,mhp,13632,0
2015b,Erzincan,dem,4736,0
2015b,Erzurum,akp,281706,5
2015b,Erzurum,mhp,58794,1
2015b,Erzurum,dem,51205,0
2015b,Erzurum,chp,13898,0
2015b,Erzurum,sp,3292,0
2015b,Erzurum,bbp,2863,0
2015b,Erzurum,other,1217,0
2015b,Eskişehir,akp,241037,3
2015b,Eskişehir,chp,211142,3
2015b,Eskişehir,mhp,69748,0
2015b,Eskişehir,dem,16580,0
2015b,Eskişehir,bbp,4242,0
2015b,Eskişehir,sp,3571,0
2015b,Eskişehir,other,1662,0
2015b,Eskişehir,dp,1305,0
2015b,Gaziantep,akp,595708,8
2015b,Gaziantep,chp,157344,2
2015b,Gaziantep,dem,103249,1
2015b,Gaziantep,mhp,91997,1
2015b,Gaziantep,sp,5982,0
2015b,Gaziantep,bbp,5122,0
2015b,Gaziantep,other,1220,0
2015b,Giresun,akp,169420,3
2015b,Giresun,chp,54744,1
2015b,Giresun,mhp,38839,0
2015b,Giresun,dem,2834,0
2015b,Giresun,sp,2318,0
2015b,Giresun,bbp,1758,0
2015b,Gümüşhane,akp,51591,2
2015b,Gümüşhane,mhp,17197,0
2015b,Gümüşhane,chp,3861,0
2015b,Hakkâri,dem,114906,3
2015b,Hakkâri,akp,19334,0
2015b,Hakkâri,chp,2276,0
2015b,Hakkâri,mhp,2233,0
2015b,Hatay,akp,381165,5
2015b,Hatay,chp,311664,4
2015b,Hatay,mhp,106563,1
2015b,Hatay,dem,61814,0
2015b,Hatay,sp,3925,0
2015b,Hatay,bbp,3067,0
2015b,Hatay,other,1486,0
2015b,Iğdır,dem,49442,1
2015b,Iğdır,akp,30260,1
2015b,Iğdır,mhp,11973,0
2015b,Iğdır,chp,2042,0
2015b,Isparta,akp,142770,2
2015b,Isparta,chp,56926,1
2015b,Isparta,mhp,53810,1
2015b,Isparta,dem,4291,0
2015b,Isparta,sp,2699,0
2015b,Isparta,bbp,2098,0
2015b,Isparta,dp,1562,0
2015b,İstanbul,akp,4521325,46
2015b,İstanbul,chp,2777219,28
2015b,İstanbul,dem,949951,7
2015b,İstanbul,mhp,790248,7
2015b,İstanbul,sp,69177,0
2015b,İstanbul,bbp,36615,0
2015b,İstanbul,other,2509,0
2015b,İstanbul,dsp,5170,0
2015b,İstanbul,dp,5002,0
2015b,İzmir,chp,1276794,14
2015b,İzmir,akp,881050,8
2015b,İzmir,mhp,312382,2
2015b,İzmir,dem,247239,2
2015b,İzmir,other,3722,0
2015b,İzmir,bbp,10412,0
2015b,İzmir,sp,10232,0
2015b,İzmir,dp,4282,0
2015b,İzmir,dsp,2516,0
2015b,Kahramanmaraş,akp,441137,7
2015b,Kahramanmaraş,mhp,78929,1
2015b,Kahramanmaraş,chp,60034,0
2015b,Kahramanmaraş,dem,23475,0
2015b,Kahramanmaraş,bbp,5298,0
2015b,Kahramanmaraş,sp,3923,0
2015b,Kahramanmaraş,other,1372,0
2015b,Karabük,akp,89225,2
2015b,Karabük,mhp,28679,0
2015b,Karabük,chp,22562,0
2015b,Karabük,sp,1822,0
2015b,Karabük,dem,1653,0
2015b,Karaman,akp,96587,2
2015b,Karaman,mhp,23979,0
2015b,Karaman,chp,22749,0
2015b,Karaman,dem,1934,0
2015b,Karaman,sp,1446,0
2015b,Kars,akp,52456,2
2015b,Kars,dem,49334,1
2015b,Kars,chp,21954,0
2015b,Kars,mhp,17857,0
2015b,Kastamonu,akp,141315,3
2015b,Kastamonu,mhp,43802,0
2015b,Kastamonu,chp,40015,0
2015b,Kastamonu,dem,2016,0
2015b,Kastamonu,bbp,1741,0
2015b,Kastamonu,sp,1434,0
2015b,Kayseri,akp,541237,7
2015b,Kayseri,mhp,149622,1
2015b,Kayseri,chp,102309,1
2015b,Kayseri,dem,14425,0
2015b,Kayseri,bbp,7281,0
2015b,Kayseri,sp,6137,0
2015b,Kayseri,other,1020,0
2015b,Kırıkkale,akp,105031,3
2015b,Kırıkkale,mhp,34629,0
2015b,Kırıkkale,chp,23160,0
2015b,Kırıkkale,dem,1912,0
2015b,Kırıkkale,bbp,1303,0
2015b,Kırıkkale,sp,1213,0
2015b,Kırklareli,chp,130492,2
2015b,Kırklareli,akp,67875,1
2015b,Kırklareli,mhp,29233,0
2015b,Kırklareli,dem,5379,0
2015b,Kırklareli,other,1240,0
2015b,Kırşehir,akp,69874,2
2015b,Kırşehir,mhp,32760,0
2015b,Kırşehir,chp,24547,0
2015b,Kırşehir,dem,6942,0
2015b,Kilis,akp,44981,2
2015b,Kilis,mhp,12434,0
2015b,Kilis,chp,8453,0
2015b,Kilis,dem,1378,0
2015b,Kocaeli,akp,638266,7
2015b,Kocaeli,chp,262793,3
2015b,Kocaeli,mhp,125827,1
2015b,Kocaeli,dem,66247,0
2015b,Kocaeli,sp,18079,0
2015b,Kocaeli,bbp,6426,0
2015b,Kocaeli,other,1653,0
2015b,Kocaeli,dp,1556,0
2015b,Konya,akp,957770,12
2015b,Konya,mhp,146050,1
2015b,Konya,chp,121209,1
2015b,Konya,dem,40094,0
2015b,Konya,sp,11461,0
2015b,Konya,bbp,7019,0
2015b,Konya,other,1330,0
2015b,Konya,dp,1597,0
2015b,Kütahya,akp,256830,4
2015b,Kütahya,mhp,59535,0
2015b,Kütahya,chp,47614,0
2015b,Kütahya,sp,4890,0
2015b,Kütahya,dem,3635,0
2015b,Kütahya,bbp,2767,0
2015b,Kütahya,dp,1415,0
2015b,Malatya,akp,316242,5
2015b,Malatya,chp,71872,1
2015b,Malatya,mhp,43035,0
2015b,Malatya,dem,27872,0
2015b,Malatya,sp,2677,0
2015b,Malatya,bbp,2278,0
2015b,Manisa,akp,407754,5
2015b,Manisa,chp,270096,3
2015b,Manisa,mhp,162576,1
2015b,Manisa,dem,52678,0
2015b,Manisa,bbp,5493,0
2015b,Manisa,sp,4993,0
2015b,Manisa,dp,2830,0
2015b,Manisa,other,1888,0
2015b,Mardin,dem,260283,4
2015b,Mardin,akp,113670,2
2015b,Mardin,chp,6800,0
2015b,Mardin,mhp,3703,0
2015b,Mardin,bbp,1068,0
2015b,Mersin,akp,341999,4
2015b,Mersin,chp,324382,4
2015b,Mersin,mhp,226284,2
2015b,Mersin,dem,162141,1
2015b,Mersin,bbp,4431,0
2015b,Mersin,sp,3910,0
2015b,Mersin,other,1978,0
2015b,Mersin,dp,1406,0
2015b,Muğla,chp,281261,3
2015b,Muğla,akp,181208,2
2015b,Muğla,mhp,87240,1
2015b,Muğla,dem,26202,0
2015b,Muğla,other,1169,0
2015b,Muğla,dp,2615,0
2015b,Muğla,bbp,2360,0
2015b,Muğla,sp,1551,0
2015b,Muş,dem,113642,2
2015b,Muş,akp,64599,1
2015b,Muş,chp,3245,0
2015b,Muş,mhp,2709,0
2015b,Muş,bbp,1025,0
2015b,Nevşehir,akp,113609,3
2015b,Nevşehir,mhp,32760,0
2015b,Nevşehir,chp,27614,0
2015b,Nevşehir,dem,2515,0
2015b,Nevşehir,bbp,1425,0
2015b,Nevşehir,sp,1285,0
2015b,Niğde,akp,113638,2
2015b,Niğde,chp,40372,1
2015b,Niğde,mhp,36796,0
2015b,Niğde,dem,2361,0
2015b,Niğde,sp,1515,0
2015b,Niğde,bbp,1328,0
2015b,Ordu,akp,283681,4
2015b,Ordu,chp,109114,1
2015b,Ordu,mhp,42063,0
2015b,Ordu,dem,4047,0
2015b,Ordu,sp,3228,0
2015b,Ordu,bbp,2007,0
2015b,Ordu,other,1088,0
2015b,Osmaniye,akp,137119,2
2015b,Osmaniye,mhp,98737,2
2015b,Osmaniye,chp,39812,0
2015b,Osmaniye,dem,8979,0
2015b,Osmaniye,bbp,1731,0
2015b,Osmaniye,sp,1467,0
2015b,Rize,akp,156051,3
2015b,Rize,chp,30883,0
2015b,Rize,mhp,11212,0
2015b,Rize,sp,3025,0
2015b,Rize,dem,2162,0
2015b,Rize,bbp,1125,0
2015b,Sakarya,akp,408200,5
2015b,Sakarya,chp,93485,1
2015b,Sakarya,mhp,73431,1
2015b,Sakarya,dem,12889,0
2015b,Sakarya,sp,7942,0
2015b,Sakarya,bbp,3486,0
2015b,Sakarya,other,1113,0
2015b,Samsun,akp,514071,6
2015b,Samsun,chp,164520,2
2015b,Samsun,mhp,99977,1
2015b,Samsun,dem,8983,0
2015b,Samsun,sp,7382,0
2015b,Samsun,bbp,4649,0
2015b,Samsun,dp,2122,0
2015b,Samsun,other,1577,0
2015b,Siirt,dem,82406,2
2015b,Siirt,akp,53585,1
2015b,Siirt,chp,2949,0
2015b,Siirt,mhp,2380,0
2015b,Sinop,akp,73749,1
2015b,Sinop,chp,38531,1
2015b,Sinop,mhp,11341,0
2015b,Sinop,dem,1684,0
2015b,Sinop,sp,1085,0
2015b,Sivas,akp,262690,4
2015b,Sivas,chp,56921,1
2015b,Sivas,mhp,44996,0
2015b,Sivas,bbp,7683,0
2015b,Sivas,dem,5267,0
2015b,Sivas,sp,3229,0
2015b,Şanlıurfa,akp,531554,9
2015b,Şanlıurfa,dem,232846,3
2015b,Şanlıurfa,chp,25328,0
2015b,Şanlıurfa,mhp,23669,0
2015b,Şanlıurfa,bbp,3241,0
2015b,Şanlıurfa,sp,3091,0
2015b,Şanlıurfa,other,1460,0
2015b,Şırnak,dem,184397,4
2015b,Şırnak,akp,27148,0
2015b,Şırnak,chp,3275,0
2015b,Şırnak,mhp,3082,0
2015b,Tekirdağ,chp,270062,3
2015b,Tekirdağ,akp,226669,3
2015b,Tekirdağ,mhp,61209,0
2015b,Tekirdağ,dem,28413,0
2015b,Tekirdağ,sp,2976,0
2015b,Tekirdağ,bbp,2579,0
2015b,Tekirdağ,other,1036,0
2015b,Tekirdağ,dp,1077,0
2015b,Tokat,akp,217673,4
2015b,Tokat,chp,80701,1
2015b,Tokat,mhp,53674,0
2015b,Tokat,dem,4371,0
2015b,Tokat,sp,3320,0
2015b,Tokat,bbp,2279,0
2015b,Trabzon,akp,322516,5
2015b,Trabzon,chp,79379,1
2015b,Trabzon,mhp,62711,0
2015b,Trabzon,sp,6748,0
2015b,Trabzon,dem,4792,0
2015b,Trabzon,bbp,2362,0
2015b,Trabzon,other,1157,0
2015b,Trabzon,dp,1118,0
2015b,Tunceli,dem,28133,1
2015b,Tunceli,chp,14320,1
2015b,Tunceli,akp,6612,0
2015b,Tunceli,mhp,1390,0
2015b,Uşak,akp,109524,2
2015b,Uşak,chp,70219,1
2015b,Uşak,mhp,41812,0
2015b,Uşak,dem,5156,0
2015b,Uşak,sp,1715,0
2015b,Uşak,bbp,1303,0
2015b,Van,dem,313177,6
2015b,Van,akp,149796,2
2015b,Van,chp,9095,0
2015b,Van,mhp,6351,0
2015b,Van,bbp,2292,0
2015b,Van,sp,2198,0
2015b,Van,other,1760,0
2015b,Yalova,akp,70993,1
2015b,Yalova,chp,45040,1
2015b,Yalova,mhp,14142,0
2015b,Yalova,dem,9833,0
2015b,Yalova,sp,1212,0
2015b,Yozgat,akp,161396,4
2015b,Yozgat,mhp,30853,0
2015b,Yozgat,other,28664,0
2015b,Yozgat,chp,19006,0
2015b,Yozgat,dem,2424,0
2015b,Yozgat,bbp,1477,0
2015b,Yozgat,sp,1293,0
2015b,Zonguldak,akp,191087,3
2015b,Zonguldak,chp,138396,2
2015b,Zonguldak,mhp,36494,0
2015b,Zonguldak,sp,5317,0
2015b,Zonguldak,dem,4808,0
2015b,Zonguldak,bbp,2621,0
2015b,Zonguldak,other,1080,0
2015b,Zonguldak,dp,1174,0
2015b,Zonguldak,dsp,1110,0
